-- phpMyAdmin SQL Dump
-- version 5.2.1
-- https://www.phpmyadmin.net/
--
-- Hôte : db
-- Généré le : mar. 20 juin 2023 à 08:17
-- Version du serveur : 10.3.39-MariaDB-1:10.3.39+maria~ubu2004
-- Version de PHP : 8.1.16

SET SQL_MODE = "NO_AUTO_VALUE_ON_ZERO";
START TRANSACTION;
SET time_zone = "+00:00";


/*!40101 SET @OLD_CHARACTER_SET_CLIENT=@@CHARACTER_SET_CLIENT */;
/*!40101 SET @OLD_CHARACTER_SET_RESULTS=@@CHARACTER_SET_RESULTS */;
/*!40101 SET @OLD_COLLATION_CONNECTION=@@COLLATION_CONNECTION */;
/*!40101 SET NAMES utf8mb4 */;

--
-- Base de données : `voyageur`
--

-- --------------------------------------------------------

--
-- Structure de la table `camion`
--

CREATE TABLE `camion` (
  `id_camion` bigint(20) NOT NULL,
  `immatriculation_camion` text DEFAULT NULL
) ENGINE=InnoDB DEFAULT CHARSET=latin1 COLLATE=latin1_swedish_ci;

--
-- Déchargement des données de la table `camion`
--

INSERT INTO `camion` (`id_camion`, `immatriculation_camion`) VALUES
(1, 'CN-837-EX'),
(2, 'PX-347-NW'),
(3, 'NS-811-KV'),
(4, 'MX-821-UT'),
(5, 'EY-610-JN'),
(6, 'MW-875-KS'),
(7, 'AF-660-DC'),
(8, 'TZ-280-IL'),
(9, 'MB-478-VV'),
(10, 'VV-215-DM'),
(11, 'RJ-139-KM'),
(12, 'TU-949-TH'),
(13, 'QD-614-GT'),
(14, 'AU-430-AM'),
(15, 'KH-111-QN'),
(16, 'KK-307-WI'),
(17, 'NQ-460-KC'),
(18, 'VZ-177-HL'),
(19, 'XF-381-SA'),
(20, 'SV-813-VZ');

-- --------------------------------------------------------

--
-- Structure de la table `chauffeur`
--

CREATE TABLE `chauffeur` (
  `id_chauffeur` bigint(20) NOT NULL,
  `prenom_chauffeur` text DEFAULT NULL,
  `nom_chauffeur` text DEFAULT NULL
) ENGINE=InnoDB DEFAULT CHARSET=latin1 COLLATE=latin1_swedish_ci;

--
-- Déchargement des données de la table `chauffeur`
--

INSERT INTO `chauffeur` (`id_chauffeur`, `prenom_chauffeur`, `nom_chauffeur`) VALUES
(1, 'Casimir', 'Macejkovic'),
(2, 'Camila', 'Sauer'),
(3, 'Virginie', 'Homenick'),
(4, 'Eileen', 'Smith'),
(5, 'Kianna', 'Cole'),
(6, 'Lyda', 'Barton'),
(7, 'Elna', 'Ondricka'),
(8, 'Brown', 'Jacobi'),
(9, 'Felton', 'Murazik'),
(10, 'Jermaine', 'Wintheiser'),
(11, 'Laurie', 'Robel'),
(12, 'Kenny', 'Beahan'),
(13, 'Alfred', 'Anderson'),
(14, 'Valentin', 'Corkery'),
(15, 'Mireille', 'Walter'),
(16, 'Oliver', 'Hessel'),
(17, 'Valentina', 'Williamson'),
(18, 'Immanuel', 'Fisher'),
(19, 'Gene', 'Langworth'),
(20, 'Roxane', 'Barrows');

-- --------------------------------------------------------

--
-- Structure de la table `client`
--

CREATE TABLE `client` (
  `id_client` bigint(20) NOT NULL,
  `prenom_client` text DEFAULT NULL,
  `nom_client` text DEFAULT NULL,
  `email_client` text DEFAULT NULL
) ENGINE=InnoDB DEFAULT CHARSET=latin1 COLLATE=latin1_swedish_ci;

--
-- Déchargement des données de la table `client`
--

INSERT INTO `client` (`id_client`, `prenom_client`, `nom_client`, `email_client`) VALUES
(1, 'Judd', 'DuBuque', 'tbarton@lehner.org'),
(2, 'Ryley', 'Treutel', 'ihand@gmail.com'),
(3, 'Natalia', 'Russel', 'esperanza.christiansen@hotmail.com'),
(4, 'Percy', 'Willms', 'lebsack.juliana@yahoo.com'),
(5, 'Ebba', 'Littel', 'giovanna.wolff@thiel.org'),
(6, 'Kiel', 'Parisian', 'stiedemann.zakary@yahoo.com'),
(7, 'Josiah', 'McGlynn', 'moses.gorczany@yahoo.com'),
(8, 'Stacy', 'Jacobs', 'cecilia65@yahoo.com'),
(9, 'Yasmine', 'King', 'jast.aaron@gmail.com'),
(10, 'Theo', 'Carter', 'kaleigh43@gmail.com'),
(11, 'Maribel', 'Boyer', 'volkman.philip@hotmail.com'),
(12, 'Rahul', 'Jacobs', 'rrowe@gmail.com'),
(13, 'Justice', 'Wiza', 'skling@gmail.com'),
(14, 'Gardner', 'Douglas', 'watsica.toney@hotmail.com'),
(15, 'Torrance', 'Stark', 'heaney.roderick@yahoo.com'),
(16, 'Jaclyn', 'McDermott', 'josefa39@kohler.com'),
(17, 'Alana', 'Johns', 'iva06@hotmail.com'),
(18, 'Jacynthe', 'Kuphal', 'collier.pamela@yahoo.com'),
(19, 'Cordia', 'Murazik', 'collier.lennie@yahoo.com'),
(20, 'Virgie', 'O\'Hara', 'wolf.nia@borer.com'),
(21, 'Otis', 'Beer', 'cyrus.koss@gmail.com'),
(22, 'Alana', 'Weissnat', 'russel.consuelo@braun.com'),
(23, 'Parker', 'Little', 'xlemke@yahoo.com'),
(24, 'Trevion', 'Dickinson', 'reichel.nicolas@abernathy.com'),
(25, 'Rowena', 'Raynor', 'ospinka@rodriguez.com'),
(26, 'Tanya', 'Bauch', 'brennon.emard@gmail.com'),
(27, 'Cooper', 'Wunsch', 'norene.skiles@yahoo.com'),
(28, 'Rozella', 'Vandervort', 'kunze.lilliana@wiegand.info'),
(29, 'Fausto', 'Orn', 'berge.berta@moore.com'),
(30, 'Julian', 'Brakus', 'blanda.maymie@corwin.com'),
(31, 'Myrtie', 'Kohler', 'emmerich.yasmeen@hotmail.com'),
(32, 'Tony', 'Feest', 'vernon26@trantow.net'),
(33, 'Gus', 'Price', 'shyanne22@gmail.com'),
(34, 'Heather', 'Windler', 'lauriane.moen@yahoo.com'),
(35, 'Aaron', 'Zieme', 'jessie29@hegmann.com'),
(36, 'Dejah', 'Ondricka', 'jarrett21@yahoo.com'),
(37, 'Malika', 'Dibbert', 'alanis91@hotmail.com'),
(38, 'Zetta', 'Senger', 'domenico.schoen@feil.net'),
(39, 'Willy', 'Gerhold', 'jane.dooley@stiedemann.biz'),
(40, 'Green', 'Steuber', 'hturner@funk.com'),
(41, 'Garland', 'Ankunding', 'olin80@jacobs.org'),
(42, 'Lazaro', 'Bernier', 'brakus.donald@yahoo.com'),
(43, 'Garnett', 'O\'Keefe', 'jaycee43@gmail.com'),
(44, 'Loyce', 'Zboncak', 'romaguera.roxane@gmail.com'),
(45, 'Vergie', 'Schroeder', 'beth56@yahoo.com'),
(46, 'Ariel', 'Hessel', 'ucruickshank@yahoo.com'),
(47, 'Eldon', 'Wisoky', 'bart.hoeger@gmail.com'),
(48, 'Josephine', 'Hessel', 'grady.dayna@bechtelar.net'),
(49, 'Velma', 'Gutkowski', 'bfahey@leffler.com'),
(50, 'Fernando', 'Glover', 'vjacobs@pagac.org'),
(51, 'Dolly', 'Schuster', 'kris.louvenia@smitham.com'),
(52, 'Hattie', 'Konopelski', 'dortha.block@metz.info'),
(53, 'Armani', 'Kihn', 'christiana50@hotmail.com');

-- --------------------------------------------------------

--
-- Structure de la table `etape`
--

CREATE TABLE `etape` (
  `id_etape` bigint(20) NOT NULL,
  `date_etape` date DEFAULT NULL,
  `quantite_etape` bigint(20) DEFAULT NULL,
  `fk_gite_quitter` bigint(20) DEFAULT NULL,
  `fk_gite_rejoindre` bigint(20) DEFAULT NULL,
  `fk_tournee` bigint(20) DEFAULT NULL,
  `fk_client` bigint(20) DEFAULT NULL
) ENGINE=InnoDB DEFAULT CHARSET=latin1 COLLATE=latin1_swedish_ci;

--
-- Déchargement des données de la table `etape`
--

INSERT INTO `etape` (`id_etape`, `date_etape`, `quantite_etape`, `fk_gite_quitter`, `fk_gite_rejoindre`, `fk_tournee`, `fk_client`) VALUES
(1, '2024-03-26', 9, 6, 7, NULL, 1),
(2, '2024-03-27', 3, 7, 8, NULL, 1),
(3, '2024-03-28', 4, 8, 9, NULL, 1),
(4, '2024-03-29', 4, 9, 10, NULL, 1),
(5, '2024-03-30', 9, 10, 11, NULL, 1),
(6, '2024-03-31', 4, 11, 12, NULL, 1),
(7, '2024-04-01', 7, 12, 13, NULL, 1),
(8, '2024-04-02', 6, 13, 14, NULL, 1),
(9, '2024-04-03', 3, 14, 15, NULL, 1),
(10, '2024-04-04', 8, 15, 16, NULL, 1),
(11, '2024-04-05', 5, 16, 17, NULL, 1),
(12, '2024-04-06', 6, 17, 18, NULL, 1),
(13, '2024-04-07', 8, 18, 19, NULL, 1),
(14, '2024-04-08', 3, 19, 20, NULL, 1),
(15, '2024-04-09', 7, 20, 21, NULL, 1),
(16, '2024-04-10', 6, 21, 22, NULL, 1),
(17, '2024-04-11', 8, 22, 23, NULL, 1),
(18, '2024-04-12', 3, 23, 24, NULL, 1),
(19, '2024-04-13', 4, 24, 25, NULL, 1),
(20, '2024-04-14', 4, 25, 26, NULL, 1),
(21, '2024-04-15', 3, 26, 27, NULL, 1),
(22, '2024-04-16', 6, 27, 28, NULL, 1),
(23, '2024-04-17', 3, 28, 29, NULL, 1),
(24, '2024-04-18', 7, 29, 30, NULL, 1),
(25, '2024-04-19', 4, 30, 31, NULL, 1),
(26, '2024-04-20', 3, 31, 32, NULL, 1),
(27, '2024-04-21', 1, 32, 33, NULL, 1),
(28, '2024-04-22', 7, 33, 34, NULL, 1),
(29, '2024-04-23', 4, 34, 35, NULL, 1),
(30, '2024-04-24', 7, 35, 36, NULL, 1),
(31, '2024-04-25', 8, 36, 37, NULL, 1),
(32, '2024-04-26', 4, 37, 38, NULL, 1),
(33, '2024-04-27', 9, 38, 39, NULL, 1),
(34, '2024-04-28', 6, 39, 40, NULL, 1),
(35, '2024-04-29', 2, 40, 41, NULL, 1),
(36, '2024-04-30', 6, 41, 42, NULL, 1),
(37, '2024-05-01', 5, 42, 43, NULL, 1),
(38, '2024-05-02', 5, 43, 44, NULL, 1),
(39, '2024-05-03', 4, 44, 45, NULL, 1),
(40, '2024-05-04', 5, 45, 46, NULL, 1),
(41, '2024-05-05', 3, 46, 47, NULL, 1),
(42, '2024-05-06', 1, 47, 48, NULL, 1),
(43, '2024-05-07', 8, 48, 49, NULL, 1),
(44, '2024-05-08', 2, 49, 50, NULL, 1),
(45, '2024-05-09', 2, 50, 51, NULL, 1),
(46, '2024-05-10', 5, 51, 52, NULL, 1),
(47, '2024-05-11', 7, 52, 53, NULL, 1),
(48, '2024-05-12', 1, 53, 54, NULL, 1),
(49, '2024-05-13', 6, 54, 55, NULL, 1),
(50, '2024-05-14', 2, 55, 56, NULL, 1),
(51, '2023-08-20', 9, 7, 8, NULL, 2),
(52, '2023-08-21', 1, 8, 9, NULL, 2),
(53, '2023-08-22', 5, 9, 10, NULL, 2),
(54, '2023-08-23', 4, 10, 11, NULL, 2),
(55, '2023-08-24', 9, 11, 12, NULL, 2),
(56, '2023-08-25', 2, 12, 13, NULL, 2),
(57, '2023-08-26', 5, 13, 14, NULL, 2),
(58, '2023-08-27', 8, 14, 15, NULL, 2),
(59, '2023-08-28', 9, 15, 16, NULL, 2),
(60, '2023-08-29', 8, 16, 17, NULL, 2),
(61, '2023-08-30', 5, 17, 18, NULL, 2),
(62, '2023-08-31', 1, 18, 19, NULL, 2),
(63, '2023-09-01', 4, 19, 20, NULL, 2),
(64, '2023-09-02', 7, 20, 21, NULL, 2),
(65, '2023-09-03', 7, 21, 22, NULL, 2),
(66, '2023-09-04', 2, 22, 23, NULL, 2),
(67, '2023-09-05', 7, 23, 24, NULL, 2),
(68, '2023-09-06', 8, 24, 25, NULL, 2),
(69, '2023-09-07', 6, 25, 26, NULL, 2),
(70, '2023-09-08', 7, 26, 27, NULL, 2),
(71, '2023-09-09', 5, 27, 28, NULL, 2),
(72, '2023-09-10', 6, 28, 29, NULL, 2),
(73, '2023-09-11', 7, 29, 30, NULL, 2),
(74, '2023-09-12', 2, 30, 31, NULL, 2),
(75, '2023-09-13', 9, 31, 32, NULL, 2),
(76, '2023-09-14', 7, 32, 33, NULL, 2),
(77, '2023-09-15', 6, 33, 34, NULL, 2),
(78, '2023-09-16', 7, 34, 35, NULL, 2),
(79, '2023-09-17', 7, 35, 36, NULL, 2),
(80, '2023-09-18', 3, 36, 37, NULL, 2),
(81, '2023-09-19', 6, 37, 38, NULL, 2),
(82, '2023-09-20', 4, 38, 39, NULL, 2),
(83, '2023-09-21', 6, 39, 40, NULL, 2),
(84, '2023-09-22', 1, 40, 41, NULL, 2),
(85, '2023-09-23', 1, 41, 42, NULL, 2),
(86, '2023-09-24', 5, 42, 43, NULL, 2),
(87, '2023-09-25', 2, 43, 44, NULL, 2),
(88, '2023-09-26', 7, 44, 45, NULL, 2),
(89, '2023-09-27', 2, 45, 46, NULL, 2),
(90, '2023-09-28', 7, 46, 47, NULL, 2),
(91, '2023-09-29', 3, 47, 48, NULL, 2),
(92, '2023-09-30', 8, 48, 49, NULL, 2),
(93, '2023-10-01', 1, 49, 50, NULL, 2),
(94, '2023-10-02', 7, 50, 51, NULL, 2),
(95, '2023-10-03', 1, 51, 52, NULL, 2),
(96, '2023-10-04', 8, 52, 53, NULL, 2),
(97, '2023-10-05', 6, 53, 54, NULL, 2),
(98, '2023-10-06', 7, 54, 55, NULL, 2),
(99, '2023-10-07', 8, 55, 56, NULL, 2),
(100, '2023-10-08', 6, 56, 57, NULL, 2),
(101, '2024-03-20', 1, 64, 65, NULL, 3),
(102, '2024-03-21', 1, 65, 66, NULL, 3),
(103, '2024-03-22', 9, 66, 67, NULL, 3),
(104, '2024-03-23', 5, 67, 68, NULL, 3),
(105, '2024-03-24', 2, 68, 69, NULL, 3),
(106, '2024-03-25', 7, 69, 70, NULL, 3),
(107, '2024-03-26', 5, 70, 71, NULL, 3),
(108, '2024-03-27', 9, 71, 72, NULL, 3),
(109, '2024-03-28', 9, 72, 73, NULL, 3),
(110, '2024-03-29', 6, 73, 74, NULL, 3),
(111, '2024-03-30', 9, 74, 75, NULL, 3),
(112, '2024-03-31', 8, 75, 76, NULL, 3),
(113, '2024-04-01', 9, 76, 77, NULL, 3),
(114, '2024-04-02', 2, 77, 78, NULL, 3),
(115, '2024-04-03', 2, 78, 79, NULL, 3),
(116, '2024-04-04', 3, 79, 80, NULL, 3),
(117, '2024-04-05', 7, 80, 81, NULL, 3),
(118, '2024-04-06', 8, 81, 82, NULL, 3),
(119, '2024-04-07', 6, 82, 83, NULL, 3),
(120, '2024-04-08', 3, 83, 84, NULL, 3),
(121, '2024-04-09', 7, 84, 85, NULL, 3),
(122, '2024-04-10', 2, 85, 86, NULL, 3),
(123, '2024-04-11', 6, 86, 87, NULL, 3),
(124, '2024-04-12', 9, 87, 88, NULL, 3),
(125, '2024-04-13', 3, 88, 89, NULL, 3),
(126, '2024-04-14', 1, 89, 90, NULL, 3),
(127, '2024-04-15', 3, 90, 91, NULL, 3),
(128, '2024-04-16', 8, 91, 92, NULL, 3),
(129, '2024-04-17', 6, 92, 93, NULL, 3),
(130, '2024-04-18', 4, 93, 94, NULL, 3),
(131, '2024-04-19', 7, 94, 95, NULL, 3),
(132, '2024-04-20', 4, 95, 96, NULL, 3),
(133, '2024-04-21', 8, 96, 97, NULL, 3),
(134, '2024-04-22', 8, 97, 98, NULL, 3),
(135, '2024-04-23', 8, 98, 99, NULL, 3),
(136, '2024-04-24', 1, 99, 100, NULL, 3),
(138, '2024-01-26', 5, 36, 37, NULL, 4),
(139, '2024-01-27', 2, 37, 38, NULL, 4),
(140, '2024-01-28', 1, 38, 39, NULL, 4),
(141, '2024-01-29', 7, 39, 40, NULL, 4),
(142, '2024-01-30', 1, 40, 41, NULL, 4),
(143, '2024-01-31', 4, 41, 42, NULL, 4),
(144, '2024-02-01', 1, 42, 43, NULL, 4),
(145, '2024-02-02', 8, 43, 44, NULL, 4),
(146, '2024-02-03', 4, 44, 45, NULL, 4),
(147, '2024-02-04', 4, 45, 46, NULL, 4),
(148, '2024-02-05', 8, 46, 47, NULL, 4),
(149, '2024-02-06', 9, 47, 48, NULL, 4),
(150, '2024-02-07', 5, 48, 49, NULL, 4),
(151, '2024-02-08', 6, 49, 50, NULL, 4),
(152, '2024-02-09', 1, 50, 51, NULL, 4),
(153, '2024-02-10', 7, 51, 52, NULL, 4),
(154, '2024-02-11', 6, 52, 53, NULL, 4),
(155, '2024-02-12', 1, 53, 54, NULL, 4),
(156, '2024-02-13', 9, 54, 55, NULL, 4),
(157, '2024-02-14', 1, 55, 56, NULL, 4),
(158, '2024-02-15', 7, 56, 57, NULL, 4),
(159, '2024-02-16', 4, 57, 58, NULL, 4),
(160, '2024-02-17', 8, 58, 59, NULL, 4),
(161, '2024-02-18', 8, 59, 60, NULL, 4),
(162, '2024-02-19', 4, 60, 61, NULL, 4),
(163, '2024-02-20', 3, 61, 62, NULL, 4),
(164, '2024-02-21', 6, 62, 63, NULL, 4),
(165, '2024-02-22', 8, 63, 64, NULL, 4),
(166, '2024-02-23', 4, 64, 65, NULL, 4),
(167, '2024-02-24', 9, 65, 66, NULL, 4),
(168, '2024-02-25', 1, 66, 67, NULL, 4),
(169, '2024-02-26', 3, 67, 68, NULL, 4),
(170, '2024-02-27', 4, 68, 69, NULL, 4),
(171, '2024-02-28', 2, 69, 70, NULL, 4),
(172, '2024-02-29', 7, 70, 71, NULL, 4),
(173, '2024-03-01', 5, 71, 72, NULL, 4),
(174, '2024-03-02', 7, 72, 73, NULL, 4),
(175, '2024-03-03', 3, 73, 74, NULL, 4),
(176, '2024-03-04', 3, 74, 75, NULL, 4),
(177, '2024-03-05', 4, 75, 76, NULL, 4),
(178, '2024-03-06', 9, 76, 77, NULL, 4),
(179, '2024-03-07', 6, 77, 78, NULL, 4),
(180, '2024-03-08', 6, 78, 79, NULL, 4),
(181, '2024-03-09', 7, 79, 80, NULL, 4),
(182, '2024-03-10', 3, 80, 81, NULL, 4),
(183, '2024-03-11', 6, 81, 82, NULL, 4),
(184, '2024-03-12', 3, 82, 83, NULL, 4),
(185, '2024-03-13', 7, 83, 84, NULL, 4),
(186, '2024-03-14', 1, 84, 85, NULL, 4),
(187, '2024-03-15', 3, 85, 86, NULL, 4),
(188, '2024-04-12', 7, 2, 3, NULL, 5),
(189, '2024-04-13', 3, 3, 4, NULL, 5),
(190, '2024-04-14', 3, 4, 5, NULL, 5),
(191, '2024-04-15', 8, 5, 6, NULL, 5),
(192, '2024-04-16', 4, 6, 7, NULL, 5),
(193, '2024-04-17', 5, 7, 8, NULL, 5),
(194, '2024-04-18', 9, 8, 9, NULL, 5),
(195, '2024-04-19', 6, 9, 10, NULL, 5),
(196, '2024-04-20', 8, 10, 11, NULL, 5),
(197, '2024-04-21', 1, 11, 12, NULL, 5),
(198, '2024-04-22', 4, 12, 13, NULL, 5),
(199, '2024-04-23', 3, 13, 14, NULL, 5),
(200, '2024-04-24', 5, 14, 15, NULL, 5),
(201, '2024-04-25', 4, 15, 16, NULL, 5),
(202, '2024-04-26', 7, 16, 17, NULL, 5),
(203, '2024-04-27', 9, 17, 18, NULL, 5),
(204, '2024-04-28', 6, 18, 19, NULL, 5),
(205, '2024-04-29', 6, 19, 20, NULL, 5),
(206, '2024-04-30', 3, 20, 21, NULL, 5),
(207, '2024-05-01', 3, 21, 22, NULL, 5),
(208, '2024-05-02', 9, 22, 23, NULL, 5),
(209, '2024-05-03', 3, 23, 24, NULL, 5),
(210, '2024-05-04', 6, 24, 25, NULL, 5),
(211, '2024-05-05', 4, 25, 26, NULL, 5),
(212, '2024-05-06', 7, 26, 27, NULL, 5),
(213, '2024-05-07', 8, 27, 28, NULL, 5),
(214, '2024-05-08', 5, 28, 29, NULL, 5),
(215, '2024-05-09', 1, 29, 30, NULL, 5),
(216, '2024-05-10', 6, 30, 31, NULL, 5),
(217, '2024-05-11', 5, 31, 32, NULL, 5),
(218, '2024-05-12', 1, 32, 33, NULL, 5),
(219, '2024-05-13', 7, 33, 34, NULL, 5),
(220, '2024-05-14', 1, 34, 35, NULL, 5),
(221, '2024-05-15', 4, 35, 36, NULL, 5),
(222, '2024-05-16', 4, 36, 37, NULL, 5),
(223, '2024-05-17', 3, 37, 38, NULL, 5),
(224, '2024-05-18', 2, 38, 39, NULL, 5),
(225, '2024-05-19', 6, 39, 40, NULL, 5),
(226, '2024-05-20', 7, 40, 41, NULL, 5),
(227, '2024-05-21', 3, 41, 42, NULL, 5),
(228, '2024-05-22', 3, 42, 43, NULL, 5),
(229, '2024-05-23', 4, 43, 44, NULL, 5),
(230, '2024-05-24', 6, 44, 45, NULL, 5),
(231, '2024-05-25', 1, 45, 46, NULL, 5),
(232, '2024-05-26', 2, 46, 47, NULL, 5),
(233, '2024-05-27', 9, 47, 48, NULL, 5),
(234, '2024-05-28', 3, 48, 49, NULL, 5),
(235, '2024-05-29', 5, 49, 50, NULL, 5),
(236, '2024-05-30', 6, 50, 51, NULL, 5),
(237, '2024-05-31', 8, 51, 52, NULL, 5),
(238, '2024-01-05', 4, 23, 24, NULL, 6),
(239, '2024-01-06', 5, 24, 25, NULL, 6),
(240, '2024-01-07', 8, 25, 26, NULL, 6),
(241, '2024-01-08', 8, 26, 27, NULL, 6),
(242, '2024-01-09', 3, 27, 28, NULL, 6),
(243, '2024-01-10', 7, 28, 29, NULL, 6),
(244, '2024-01-11', 5, 29, 30, NULL, 6),
(245, '2024-01-12', 1, 30, 31, NULL, 6),
(246, '2024-01-13', 5, 31, 32, NULL, 6),
(247, '2024-01-14', 4, 32, 33, NULL, 6),
(248, '2024-01-15', 7, 33, 34, NULL, 6),
(249, '2024-01-16', 1, 34, 35, NULL, 6),
(250, '2024-01-17', 5, 35, 36, NULL, 6),
(251, '2024-01-18', 2, 36, 37, NULL, 6),
(252, '2024-01-19', 5, 37, 38, NULL, 6),
(253, '2024-01-20', 2, 38, 39, NULL, 6),
(254, '2024-01-21', 1, 39, 40, NULL, 6),
(255, '2024-01-22', 4, 40, 41, NULL, 6),
(256, '2024-01-23', 4, 41, 42, NULL, 6),
(257, '2024-01-24', 8, 42, 43, NULL, 6),
(258, '2024-01-25', 1, 43, 44, NULL, 6),
(259, '2024-01-26', 6, 44, 45, NULL, 6),
(260, '2024-01-27', 2, 45, 46, NULL, 6),
(261, '2024-01-28', 5, 46, 47, NULL, 6),
(262, '2024-01-29', 8, 47, 48, NULL, 6),
(263, '2024-01-30', 4, 48, 49, NULL, 6),
(264, '2024-01-31', 1, 49, 50, NULL, 6),
(265, '2024-02-01', 2, 50, 51, NULL, 6),
(266, '2024-02-02', 9, 51, 52, NULL, 6),
(267, '2024-02-03', 4, 52, 53, NULL, 6),
(268, '2024-02-04', 3, 53, 54, NULL, 6),
(269, '2024-02-05', 8, 54, 55, NULL, 6),
(270, '2024-02-06', 9, 55, 56, NULL, 6),
(271, '2024-02-07', 4, 56, 57, NULL, 6),
(272, '2024-02-08', 9, 57, 58, NULL, 6),
(273, '2024-02-09', 2, 58, 59, NULL, 6),
(274, '2024-02-10', 8, 59, 60, NULL, 6),
(275, '2024-02-11', 8, 60, 61, NULL, 6),
(276, '2024-02-12', 9, 61, 62, NULL, 6),
(277, '2024-02-13', 5, 62, 63, NULL, 6),
(278, '2024-02-14', 2, 63, 64, NULL, 6),
(279, '2024-02-15', 8, 64, 65, NULL, 6),
(280, '2024-02-16', 7, 65, 66, NULL, 6),
(281, '2024-02-17', 4, 66, 67, NULL, 6),
(282, '2024-02-18', 1, 67, 68, NULL, 6),
(283, '2024-02-19', 9, 68, 69, NULL, 6),
(284, '2024-02-20', 6, 69, 70, NULL, 6),
(285, '2024-02-21', 6, 70, 71, NULL, 6),
(286, '2024-02-22', 4, 71, 72, NULL, 6),
(287, '2024-02-23', 1, 72, 73, NULL, 6),
(288, '2023-08-09', 3, 70, 71, NULL, 7),
(289, '2023-08-10', 9, 71, 72, NULL, 7),
(290, '2023-08-11', 2, 72, 73, NULL, 7),
(291, '2023-08-12', 6, 73, 74, NULL, 7),
(292, '2023-08-13', 6, 74, 75, NULL, 7),
(293, '2023-08-14', 5, 75, 76, NULL, 7),
(294, '2023-08-15', 5, 76, 77, NULL, 7),
(295, '2023-08-16', 9, 77, 78, NULL, 7),
(296, '2023-08-17', 3, 78, 79, NULL, 7),
(297, '2023-08-18', 8, 79, 80, NULL, 7),
(298, '2023-08-19', 1, 80, 81, NULL, 7),
(299, '2023-08-20', 7, 81, 82, NULL, 7),
(300, '2023-08-21', 1, 82, 83, NULL, 7),
(301, '2023-08-22', 2, 83, 84, NULL, 7),
(302, '2023-08-23', 8, 84, 85, NULL, 7),
(303, '2023-08-24', 3, 85, 86, NULL, 7),
(304, '2023-08-25', 6, 86, 87, NULL, 7),
(305, '2023-08-26', 8, 87, 88, NULL, 7),
(306, '2023-08-27', 7, 88, 89, NULL, 7),
(307, '2023-08-28', 7, 89, 90, NULL, 7),
(308, '2023-08-29', 8, 90, 91, NULL, 7),
(309, '2023-08-30', 2, 91, 92, NULL, 7),
(310, '2023-08-31', 5, 92, 93, NULL, 7),
(311, '2023-09-01', 7, 93, 94, NULL, 7),
(312, '2023-09-02', 6, 94, 95, NULL, 7),
(313, '2023-09-03', 8, 95, 96, NULL, 7),
(314, '2023-09-04', 4, 96, 97, NULL, 7),
(315, '2023-09-05', 4, 97, 98, NULL, 7),
(316, '2023-09-06', 5, 98, 99, NULL, 7),
(317, '2023-09-07', 9, 99, 100, NULL, 7),
(318, '2023-09-08', 6, 100, 101, NULL, 7),
(319, '2023-09-09', 6, 101, 102, NULL, 7),
(320, '2023-09-10', 7, 102, 103, NULL, 7),
(321, '2023-09-11', 2, 103, 104, NULL, 7),
(322, '2023-09-12', 4, 104, 105, NULL, 7),
(323, '2023-09-13', 2, 105, 106, NULL, 7),
(324, '2023-09-14', 7, 106, 107, NULL, 7),
(325, '2023-09-15', 7, 107, 108, NULL, 7),
(326, '2023-09-16', 6, 108, 109, NULL, 7),
(327, '2023-09-17', 6, 109, 110, NULL, 7),
(328, '2023-09-18', 3, 110, 111, NULL, 7),
(329, '2023-09-19', 9, 111, 112, NULL, 7),
(330, '2023-09-20', 4, 112, 113, NULL, 7),
(331, '2023-09-21', 4, 113, 114, NULL, 7),
(332, '2023-09-22', 3, 114, 115, NULL, 7),
(333, '2023-09-23', 9, 115, 116, NULL, 7),
(334, '2023-09-24', 7, 116, 117, NULL, 7),
(335, '2023-09-25', 8, 117, 118, NULL, 7),
(336, '2023-09-26', 5, 118, 119, NULL, 7),
(337, '2023-09-27', 4, 119, 120, NULL, 7),
(338, '2024-05-31', 3, 28, 29, NULL, 8),
(339, '2024-06-01', 4, 29, 30, NULL, 8),
(340, '2024-06-02', 7, 30, 31, NULL, 8),
(341, '2024-06-03', 1, 31, 32, NULL, 8),
(342, '2024-06-04', 1, 32, 33, NULL, 8),
(343, '2024-06-05', 6, 33, 34, NULL, 8),
(344, '2024-06-06', 1, 34, 35, NULL, 8),
(345, '2024-06-07', 5, 35, 36, NULL, 8),
(346, '2024-06-08', 7, 36, 37, NULL, 8),
(347, '2024-06-09', 5, 37, 38, NULL, 8),
(348, '2024-06-10', 6, 38, 39, NULL, 8),
(349, '2024-06-11', 8, 39, 40, NULL, 8),
(350, '2024-06-12', 9, 40, 41, NULL, 8),
(351, '2024-06-13', 7, 41, 42, NULL, 8),
(352, '2024-06-14', 5, 42, 43, NULL, 8),
(353, '2024-06-15', 1, 43, 44, NULL, 8),
(354, '2024-06-16', 9, 44, 45, NULL, 8),
(355, '2024-06-17', 2, 45, 46, NULL, 8),
(356, '2024-06-18', 8, 46, 47, NULL, 8),
(357, '2024-06-19', 2, 47, 48, NULL, 8),
(358, '2024-06-20', 8, 48, 49, NULL, 8),
(359, '2024-06-21', 8, 49, 50, NULL, 8),
(360, '2024-06-22', 3, 50, 51, NULL, 8),
(361, '2024-06-23', 1, 51, 52, NULL, 8),
(362, '2024-06-24', 9, 52, 53, NULL, 8),
(363, '2024-06-25', 9, 53, 54, NULL, 8),
(364, '2024-06-26', 1, 54, 55, NULL, 8),
(365, '2024-06-27', 8, 55, 56, NULL, 8),
(366, '2024-06-28', 4, 56, 57, NULL, 8),
(367, '2024-06-29', 6, 57, 58, NULL, 8),
(368, '2024-06-30', 7, 58, 59, NULL, 8),
(369, '2024-07-01', 8, 59, 60, NULL, 8),
(370, '2024-07-02', 5, 60, 61, NULL, 8),
(371, '2024-07-03', 7, 61, 62, NULL, 8),
(372, '2024-07-04', 5, 62, 63, NULL, 8),
(373, '2024-07-05', 5, 63, 64, NULL, 8),
(374, '2024-07-06', 4, 64, 65, NULL, 8),
(375, '2024-07-07', 5, 65, 66, NULL, 8),
(376, '2024-07-08', 6, 66, 67, NULL, 8),
(377, '2024-07-09', 8, 67, 68, NULL, 8),
(378, '2024-07-10', 3, 68, 69, NULL, 8),
(379, '2024-07-11', 1, 69, 70, NULL, 8),
(380, '2024-07-12', 5, 70, 71, NULL, 8),
(381, '2024-07-13', 1, 71, 72, NULL, 8),
(382, '2024-07-14', 4, 72, 73, NULL, 8),
(383, '2024-07-15', 8, 73, 74, NULL, 8),
(384, '2024-07-16', 3, 74, 75, NULL, 8),
(385, '2024-07-17', 4, 75, 76, NULL, 8),
(386, '2024-07-18', 7, 76, 77, NULL, 8),
(387, '2024-07-19', 5, 77, 78, NULL, 8),
(388, '2023-09-03', 7, 24, 25, NULL, 9),
(389, '2023-09-04', 7, 25, 26, NULL, 9),
(390, '2023-09-05', 9, 26, 27, NULL, 9),
(391, '2023-09-06', 3, 27, 28, NULL, 9),
(392, '2023-09-07', 6, 28, 29, NULL, 9),
(393, '2023-09-08', 9, 29, 30, NULL, 9),
(394, '2023-09-09', 2, 30, 31, NULL, 9),
(395, '2023-09-10', 8, 31, 32, NULL, 9),
(396, '2023-09-11', 9, 32, 33, NULL, 9),
(397, '2023-09-12', 6, 33, 34, NULL, 9),
(398, '2023-09-13', 8, 34, 35, NULL, 9),
(399, '2023-09-14', 1, 35, 36, NULL, 9),
(400, '2023-09-15', 2, 36, 37, NULL, 9),
(401, '2023-09-16', 8, 37, 38, NULL, 9),
(402, '2023-09-17', 6, 38, 39, NULL, 9),
(403, '2023-09-18', 2, 39, 40, NULL, 9),
(404, '2023-09-19', 8, 40, 41, NULL, 9),
(405, '2023-09-20', 4, 41, 42, NULL, 9),
(406, '2023-09-21', 9, 42, 43, NULL, 9),
(407, '2023-09-22', 8, 43, 44, NULL, 9),
(408, '2023-09-23', 7, 44, 45, NULL, 9),
(409, '2023-09-24', 2, 45, 46, NULL, 9),
(410, '2023-09-25', 2, 46, 47, NULL, 9),
(411, '2023-09-26', 1, 47, 48, NULL, 9),
(412, '2023-09-27', 7, 48, 49, NULL, 9),
(413, '2023-09-28', 4, 49, 50, NULL, 9),
(414, '2023-09-29', 5, 50, 51, NULL, 9),
(415, '2023-09-30', 8, 51, 52, NULL, 9),
(416, '2023-10-01', 5, 52, 53, NULL, 9),
(417, '2023-10-02', 3, 53, 54, NULL, 9),
(418, '2023-10-03', 9, 54, 55, NULL, 9),
(419, '2023-10-04', 6, 55, 56, NULL, 9),
(420, '2023-10-05', 6, 56, 57, NULL, 9),
(421, '2023-10-06', 9, 57, 58, NULL, 9),
(422, '2023-10-07', 5, 58, 59, NULL, 9),
(423, '2023-10-08', 4, 59, 60, NULL, 9),
(424, '2023-10-09', 9, 60, 61, NULL, 9),
(425, '2023-10-10', 9, 61, 62, NULL, 9),
(426, '2023-10-11', 7, 62, 63, NULL, 9),
(427, '2023-10-12', 6, 63, 64, NULL, 9),
(428, '2023-10-13', 6, 64, 65, NULL, 9),
(429, '2023-10-14', 8, 65, 66, NULL, 9),
(430, '2023-10-15', 6, 66, 67, NULL, 9),
(431, '2023-10-16', 5, 67, 68, NULL, 9),
(432, '2023-10-17', 6, 68, 69, NULL, 9),
(433, '2023-10-18', 6, 69, 70, NULL, 9),
(434, '2023-10-19', 5, 70, 71, NULL, 9),
(435, '2023-10-20', 5, 71, 72, NULL, 9),
(436, '2023-10-21', 5, 72, 73, NULL, 9),
(437, '2023-10-22', 3, 73, 74, NULL, 9),
(438, '2023-11-10', 1, 66, 67, NULL, 10),
(439, '2023-11-11', 5, 67, 68, NULL, 10),
(440, '2023-11-12', 8, 68, 69, NULL, 10),
(441, '2023-11-13', 2, 69, 70, NULL, 10),
(442, '2023-11-14', 8, 70, 71, NULL, 10),
(443, '2023-11-15', 1, 71, 72, NULL, 10),
(444, '2023-11-16', 4, 72, 73, NULL, 10),
(445, '2023-11-17', 1, 73, 74, NULL, 10),
(446, '2023-11-18', 4, 74, 75, NULL, 10),
(447, '2023-11-19', 5, 75, 76, NULL, 10),
(448, '2023-11-20', 8, 76, 77, NULL, 10),
(449, '2023-11-21', 7, 77, 78, NULL, 10),
(450, '2023-11-22', 3, 78, 79, NULL, 10),
(451, '2023-11-23', 9, 79, 80, NULL, 10),
(452, '2023-11-24', 6, 80, 81, NULL, 10),
(453, '2023-11-25', 9, 81, 82, NULL, 10),
(454, '2023-11-26', 4, 82, 83, NULL, 10),
(455, '2023-11-27', 5, 83, 84, NULL, 10),
(456, '2023-11-28', 5, 84, 85, NULL, 10),
(457, '2023-11-29', 1, 85, 86, NULL, 10),
(458, '2023-11-30', 9, 86, 87, NULL, 10),
(459, '2023-12-01', 7, 87, 88, NULL, 10),
(460, '2023-12-02', 3, 88, 89, NULL, 10),
(461, '2023-12-03', 5, 89, 90, NULL, 10),
(462, '2023-12-04', 2, 90, 91, NULL, 10),
(463, '2023-12-05', 4, 91, 92, NULL, 10),
(464, '2023-12-06', 2, 92, 93, NULL, 10),
(465, '2023-12-07', 2, 93, 94, NULL, 10),
(466, '2023-12-08', 9, 94, 95, NULL, 10),
(467, '2023-12-09', 4, 95, 96, NULL, 10),
(468, '2023-12-10', 1, 96, 97, NULL, 10),
(469, '2023-12-11', 4, 97, 98, NULL, 10),
(470, '2023-12-12', 2, 98, 99, NULL, 10),
(471, '2023-12-13', 4, 99, 100, NULL, 10),
(472, '2023-12-14', 1, 100, 101, NULL, 10),
(473, '2023-12-15', 6, 101, 102, NULL, 10),
(474, '2023-12-16', 7, 102, 103, NULL, 10),
(475, '2023-12-17', 3, 103, 104, NULL, 10),
(476, '2023-12-18', 9, 104, 105, NULL, 10),
(477, '2023-12-19', 4, 105, 106, NULL, 10),
(478, '2023-12-20', 7, 106, 107, NULL, 10),
(479, '2023-12-21', 3, 107, 108, NULL, 10),
(480, '2023-12-22', 1, 108, 109, NULL, 10),
(481, '2023-12-23', 9, 109, 110, NULL, 10),
(482, '2023-12-24', 2, 110, 111, NULL, 10),
(483, '2023-12-25', 1, 111, 112, NULL, 10),
(484, '2023-12-26', 7, 112, 113, NULL, 10),
(485, '2023-12-27', 3, 113, 114, NULL, 10),
(486, '2023-12-28', 6, 114, 115, NULL, 10),
(487, '2023-12-29', 1, 115, 116, NULL, 10),
(488, '2023-12-07', 5, 50, 51, NULL, 11),
(489, '2023-12-08', 7, 51, 52, NULL, 11),
(490, '2023-12-09', 3, 52, 53, NULL, 11),
(491, '2023-12-10', 5, 53, 54, NULL, 11),
(492, '2023-12-11', 6, 54, 55, NULL, 11),
(493, '2023-12-12', 1, 55, 56, NULL, 11),
(494, '2023-12-13', 6, 56, 57, NULL, 11),
(495, '2023-12-14', 6, 57, 58, NULL, 11),
(496, '2023-12-15', 6, 58, 59, NULL, 11),
(497, '2023-12-16', 9, 59, 60, NULL, 11),
(498, '2023-12-17', 1, 60, 61, NULL, 11),
(499, '2023-12-18', 7, 61, 62, NULL, 11),
(500, '2023-12-19', 8, 62, 63, NULL, 11),
(501, '2023-12-20', 8, 63, 64, NULL, 11),
(502, '2023-12-21', 7, 64, 65, NULL, 11),
(503, '2023-12-22', 6, 65, 66, NULL, 11),
(504, '2023-12-23', 7, 66, 67, NULL, 11),
(505, '2023-12-24', 1, 67, 68, NULL, 11),
(506, '2023-12-25', 9, 68, 69, NULL, 11),
(507, '2023-12-26', 3, 69, 70, NULL, 11),
(508, '2023-12-27', 9, 70, 71, NULL, 11),
(509, '2023-12-28', 2, 71, 72, NULL, 11),
(510, '2023-12-29', 5, 72, 73, NULL, 11),
(511, '2023-12-30', 5, 73, 74, NULL, 11),
(512, '2023-12-31', 1, 74, 75, NULL, 11),
(513, '2024-01-01', 9, 75, 76, NULL, 11),
(514, '2024-01-02', 4, 76, 77, NULL, 11),
(515, '2024-01-03', 9, 77, 78, NULL, 11),
(516, '2024-01-04', 5, 78, 79, NULL, 11),
(517, '2024-01-05', 2, 79, 80, NULL, 11),
(518, '2024-01-06', 9, 80, 81, NULL, 11),
(519, '2024-01-07', 3, 81, 82, NULL, 11),
(520, '2024-01-08', 5, 82, 83, NULL, 11),
(521, '2024-01-09', 5, 83, 84, NULL, 11),
(522, '2024-01-10', 8, 84, 85, NULL, 11),
(523, '2024-01-11', 9, 85, 86, NULL, 11),
(524, '2024-01-12', 2, 86, 87, NULL, 11),
(525, '2024-01-13', 5, 87, 88, NULL, 11),
(526, '2024-01-14', 4, 88, 89, NULL, 11),
(527, '2024-01-15', 5, 89, 90, NULL, 11),
(528, '2024-01-16', 7, 90, 91, NULL, 11),
(529, '2024-01-17', 2, 91, 92, NULL, 11),
(530, '2024-01-18', 6, 92, 93, NULL, 11),
(531, '2024-01-19', 7, 93, 94, NULL, 11),
(532, '2024-01-20', 2, 94, 95, NULL, 11),
(533, '2024-01-21', 2, 95, 96, NULL, 11),
(534, '2024-01-22', 1, 96, 97, NULL, 11),
(535, '2024-01-23', 4, 97, 98, NULL, 11),
(536, '2024-01-24', 5, 98, 99, NULL, 11),
(537, '2024-01-25', 8, 99, 100, NULL, 11),
(538, '2024-04-10', 2, 18, 19, NULL, 12),
(539, '2024-04-11', 6, 19, 20, NULL, 12),
(540, '2024-04-12', 8, 20, 21, NULL, 12),
(541, '2024-04-13', 8, 21, 22, NULL, 12),
(542, '2024-04-14', 2, 22, 23, NULL, 12),
(543, '2024-04-15', 5, 23, 24, NULL, 12),
(544, '2024-04-16', 4, 24, 25, NULL, 12),
(545, '2024-04-17', 6, 25, 26, NULL, 12),
(546, '2024-04-18', 1, 26, 27, NULL, 12),
(547, '2024-04-19', 7, 27, 28, NULL, 12),
(548, '2024-04-20', 3, 28, 29, NULL, 12),
(549, '2024-04-21', 7, 29, 30, NULL, 12),
(550, '2024-04-22', 9, 30, 31, NULL, 12),
(551, '2024-04-23', 7, 31, 32, NULL, 12),
(552, '2024-04-24', 8, 32, 33, NULL, 12),
(553, '2024-04-25', 6, 33, 34, NULL, 12),
(554, '2024-04-26', 7, 34, 35, NULL, 12),
(555, '2024-04-27', 6, 35, 36, NULL, 12),
(556, '2024-04-28', 8, 36, 37, NULL, 12),
(557, '2024-04-29', 4, 37, 38, NULL, 12),
(558, '2024-04-30', 5, 38, 39, NULL, 12),
(559, '2024-05-01', 5, 39, 40, NULL, 12),
(560, '2024-05-02', 7, 40, 41, NULL, 12),
(561, '2024-05-03', 4, 41, 42, NULL, 12),
(562, '2024-05-04', 2, 42, 43, NULL, 12),
(563, '2024-05-05', 4, 43, 44, NULL, 12),
(564, '2024-05-06', 2, 44, 45, NULL, 12),
(565, '2024-05-07', 1, 45, 46, NULL, 12),
(566, '2024-05-08', 9, 46, 47, NULL, 12),
(567, '2024-05-09', 6, 47, 48, NULL, 12),
(568, '2024-05-10', 6, 48, 49, NULL, 12),
(569, '2024-05-11', 3, 49, 50, NULL, 12),
(570, '2024-05-12', 1, 50, 51, NULL, 12),
(571, '2024-05-13', 5, 51, 52, NULL, 12),
(572, '2024-05-14', 5, 52, 53, NULL, 12),
(573, '2024-05-15', 1, 53, 54, NULL, 12),
(574, '2024-05-16', 7, 54, 55, NULL, 12),
(575, '2024-05-17', 7, 55, 56, NULL, 12),
(576, '2024-05-18', 3, 56, 57, NULL, 12),
(577, '2024-05-19', 5, 57, 58, NULL, 12),
(578, '2024-05-20', 6, 58, 59, NULL, 12),
(579, '2024-05-21', 2, 59, 60, NULL, 12),
(580, '2024-05-22', 8, 60, 61, NULL, 12),
(581, '2024-05-23', 1, 61, 62, NULL, 12),
(582, '2024-05-24', 7, 62, 63, NULL, 12),
(583, '2024-05-25', 3, 63, 64, NULL, 12),
(584, '2024-05-26', 3, 64, 65, NULL, 12),
(585, '2024-05-27', 3, 65, 66, NULL, 12),
(586, '2024-05-28', 2, 66, 67, NULL, 12),
(587, '2024-05-29', 2, 67, 68, NULL, 12),
(588, '2024-03-13', 6, 65, 66, NULL, 13),
(589, '2024-03-14', 2, 66, 67, NULL, 13),
(590, '2024-03-15', 6, 67, 68, NULL, 13),
(591, '2024-03-16', 8, 68, 69, NULL, 13),
(592, '2024-03-17', 3, 69, 70, NULL, 13),
(593, '2024-03-18', 6, 70, 71, NULL, 13),
(594, '2024-03-19', 8, 71, 72, NULL, 13),
(595, '2024-03-20', 8, 72, 73, NULL, 13),
(596, '2024-03-21', 2, 73, 74, NULL, 13),
(597, '2024-03-22', 3, 74, 75, NULL, 13),
(598, '2024-03-23', 1, 75, 76, NULL, 13),
(599, '2024-03-24', 7, 76, 77, NULL, 13),
(600, '2024-03-25', 7, 77, 78, NULL, 13),
(601, '2024-03-26', 3, 78, 79, NULL, 13),
(602, '2024-03-27', 9, 79, 80, NULL, 13),
(603, '2024-03-28', 3, 80, 81, NULL, 13),
(604, '2024-03-29', 9, 81, 82, NULL, 13),
(605, '2024-03-30', 1, 82, 83, NULL, 13),
(606, '2024-03-31', 9, 83, 84, NULL, 13),
(607, '2024-04-01', 5, 84, 85, NULL, 13),
(608, '2024-04-02', 5, 85, 86, NULL, 13),
(609, '2024-04-03', 2, 86, 87, NULL, 13),
(610, '2024-04-04', 7, 87, 88, NULL, 13),
(611, '2024-04-05', 2, 88, 89, NULL, 13),
(612, '2024-04-06', 5, 89, 90, NULL, 13),
(613, '2024-04-07', 6, 90, 91, NULL, 13),
(614, '2024-04-08', 6, 91, 92, NULL, 13),
(615, '2024-04-09', 1, 92, 93, NULL, 13),
(616, '2024-04-10', 8, 93, 94, NULL, 13),
(617, '2024-04-11', 9, 94, 95, NULL, 13),
(618, '2024-04-12', 3, 95, 96, NULL, 13),
(619, '2024-04-13', 2, 96, 97, NULL, 13),
(620, '2024-04-14', 4, 97, 98, NULL, 13),
(621, '2024-04-15', 2, 98, 99, NULL, 13),
(622, '2024-04-16', 7, 99, 100, NULL, 13),
(623, '2024-04-17', 5, 100, 101, NULL, 13),
(624, '2024-04-18', 3, 101, 102, NULL, 13),
(625, '2024-04-19', 7, 102, 103, NULL, 13),
(626, '2024-04-20', 5, 103, 104, NULL, 13),
(627, '2024-04-21', 3, 104, 105, NULL, 13),
(628, '2024-04-22', 7, 105, 106, NULL, 13),
(629, '2024-04-23', 2, 106, 107, NULL, 13),
(630, '2024-04-24', 3, 107, 108, NULL, 13),
(631, '2024-04-25', 8, 108, 109, NULL, 13),
(632, '2024-04-26', 9, 109, 110, NULL, 13),
(633, '2024-04-27', 1, 110, 111, NULL, 13),
(634, '2024-04-28', 6, 111, 112, NULL, 13),
(635, '2024-04-29', 9, 112, 113, NULL, 13),
(636, '2024-04-30', 8, 113, 114, NULL, 13),
(637, '2024-05-01', 5, 114, 115, NULL, 13),
(638, '2024-03-23', 1, 54, 55, NULL, 14),
(639, '2024-03-24', 1, 55, 56, NULL, 14),
(640, '2024-03-25', 6, 56, 57, NULL, 14),
(641, '2024-03-26', 3, 57, 58, NULL, 14),
(642, '2024-03-27', 6, 58, 59, NULL, 14),
(643, '2024-03-28', 9, 59, 60, NULL, 14),
(644, '2024-03-29', 1, 60, 61, NULL, 14),
(645, '2024-03-30', 5, 61, 62, NULL, 14),
(646, '2024-03-31', 4, 62, 63, NULL, 14),
(647, '2024-04-01', 8, 63, 64, NULL, 14),
(648, '2024-04-02', 3, 64, 65, NULL, 14),
(649, '2024-04-03', 1, 65, 66, NULL, 14),
(650, '2024-04-04', 1, 66, 67, NULL, 14),
(651, '2024-04-05', 3, 67, 68, NULL, 14),
(652, '2024-04-06', 1, 68, 69, NULL, 14),
(653, '2024-04-07', 7, 69, 70, NULL, 14),
(654, '2024-04-08', 7, 70, 71, NULL, 14),
(655, '2024-04-09', 1, 71, 72, NULL, 14),
(656, '2024-04-10', 9, 72, 73, NULL, 14),
(657, '2024-04-11', 6, 73, 74, NULL, 14),
(658, '2024-04-12', 6, 74, 75, NULL, 14),
(659, '2024-04-13', 1, 75, 76, NULL, 14),
(660, '2024-04-14', 8, 76, 77, NULL, 14),
(661, '2024-04-15', 5, 77, 78, NULL, 14),
(662, '2024-04-16', 8, 78, 79, NULL, 14),
(663, '2024-04-17', 4, 79, 80, NULL, 14),
(664, '2024-04-18', 6, 80, 81, NULL, 14),
(665, '2024-04-19', 5, 81, 82, NULL, 14),
(666, '2024-04-20', 2, 82, 83, NULL, 14),
(667, '2024-04-21', 9, 83, 84, NULL, 14),
(668, '2024-04-22', 5, 84, 85, NULL, 14),
(669, '2024-04-23', 7, 85, 86, NULL, 14),
(670, '2024-04-24', 2, 86, 87, NULL, 14),
(671, '2024-04-25', 3, 87, 88, NULL, 14),
(672, '2024-04-26', 6, 88, 89, NULL, 14),
(673, '2024-04-27', 8, 89, 90, NULL, 14),
(674, '2024-04-28', 4, 90, 91, NULL, 14),
(675, '2024-04-29', 9, 91, 92, NULL, 14),
(676, '2024-04-30', 3, 92, 93, NULL, 14),
(677, '2024-05-01', 6, 93, 94, NULL, 14),
(678, '2024-05-02', 2, 94, 95, NULL, 14),
(679, '2024-05-03', 3, 95, 96, NULL, 14),
(680, '2024-05-04', 8, 96, 97, NULL, 14),
(681, '2024-05-05', 5, 97, 98, NULL, 14),
(682, '2024-05-06', 2, 98, 99, NULL, 14),
(683, '2024-05-07', 9, 99, 100, NULL, 14),
(684, '2024-05-08', 4, 100, 101, NULL, 14),
(685, '2024-05-09', 3, 101, 102, NULL, 14),
(686, '2024-05-10', 1, 102, 103, NULL, 14),
(687, '2024-05-11', 3, 103, 104, NULL, 14),
(688, '2024-05-28', 4, 35, 36, NULL, 15),
(689, '2024-05-29', 3, 36, 37, NULL, 15),
(690, '2024-05-30', 3, 37, 38, NULL, 15),
(691, '2024-05-31', 2, 38, 39, NULL, 15),
(692, '2024-06-01', 3, 39, 40, NULL, 15),
(693, '2024-06-02', 6, 40, 41, NULL, 15),
(694, '2024-06-03', 9, 41, 42, NULL, 15),
(695, '2024-06-04', 7, 42, 43, NULL, 15),
(696, '2024-06-05', 6, 43, 44, NULL, 15),
(697, '2024-06-06', 3, 44, 45, NULL, 15),
(698, '2024-06-07', 2, 45, 46, NULL, 15),
(699, '2024-06-08', 9, 46, 47, NULL, 15),
(700, '2024-06-09', 2, 47, 48, NULL, 15),
(701, '2024-06-10', 1, 48, 49, NULL, 15),
(702, '2024-06-11', 4, 49, 50, NULL, 15),
(703, '2024-06-12', 3, 50, 51, NULL, 15),
(704, '2024-06-13', 6, 51, 52, NULL, 15),
(705, '2024-06-14', 3, 52, 53, NULL, 15),
(706, '2024-06-15', 9, 53, 54, NULL, 15),
(707, '2024-06-16', 9, 54, 55, NULL, 15),
(708, '2024-06-17', 2, 55, 56, NULL, 15),
(709, '2024-06-18', 4, 56, 57, NULL, 15),
(710, '2024-06-19', 7, 57, 58, NULL, 15),
(711, '2024-06-20', 5, 58, 59, NULL, 15),
(712, '2024-06-21', 6, 59, 60, NULL, 15),
(713, '2024-06-22', 1, 60, 61, NULL, 15),
(714, '2024-06-23', 8, 61, 62, NULL, 15),
(715, '2024-06-24', 6, 62, 63, NULL, 15),
(716, '2024-06-25', 9, 63, 64, NULL, 15),
(717, '2024-06-26', 6, 64, 65, NULL, 15),
(718, '2024-06-27', 2, 65, 66, NULL, 15),
(719, '2024-06-28', 6, 66, 67, NULL, 15),
(720, '2024-06-29', 1, 67, 68, NULL, 15),
(721, '2024-06-30', 2, 68, 69, NULL, 15),
(722, '2024-07-01', 6, 69, 70, NULL, 15),
(723, '2024-07-02', 6, 70, 71, NULL, 15),
(724, '2024-07-03', 5, 71, 72, NULL, 15),
(725, '2024-07-04', 3, 72, 73, NULL, 15),
(726, '2024-07-05', 3, 73, 74, NULL, 15),
(727, '2024-07-06', 9, 74, 75, NULL, 15),
(728, '2024-07-07', 1, 75, 76, NULL, 15),
(729, '2024-07-08', 6, 76, 77, NULL, 15),
(730, '2024-07-09', 1, 77, 78, NULL, 15),
(731, '2024-07-10', 1, 78, 79, NULL, 15),
(732, '2024-07-11', 9, 79, 80, NULL, 15),
(733, '2024-07-12', 8, 80, 81, NULL, 15),
(734, '2024-07-13', 7, 81, 82, NULL, 15),
(735, '2024-07-14', 8, 82, 83, NULL, 15),
(736, '2024-07-15', 2, 83, 84, NULL, 15),
(737, '2024-07-16', 5, 84, 85, NULL, 15),
(738, '2024-02-05', 1, 12, 13, NULL, 16),
(739, '2024-02-06', 5, 13, 14, NULL, 16),
(740, '2024-02-07', 3, 14, 15, NULL, 16),
(741, '2024-02-08', 3, 15, 16, NULL, 16),
(742, '2024-02-09', 7, 16, 17, NULL, 16),
(743, '2024-02-10', 1, 17, 18, NULL, 16),
(744, '2024-02-11', 6, 18, 19, NULL, 16),
(745, '2024-02-12', 2, 19, 20, NULL, 16),
(746, '2024-02-13', 7, 20, 21, NULL, 16),
(747, '2024-02-14', 8, 21, 22, NULL, 16),
(748, '2024-02-15', 4, 22, 23, NULL, 16),
(749, '2024-02-16', 7, 23, 24, NULL, 16),
(750, '2024-02-17', 2, 24, 25, NULL, 16),
(751, '2024-02-18', 9, 25, 26, NULL, 16),
(752, '2024-02-19', 3, 26, 27, NULL, 16),
(753, '2024-02-20', 6, 27, 28, NULL, 16),
(754, '2024-02-21', 6, 28, 29, NULL, 16),
(755, '2024-02-22', 6, 29, 30, NULL, 16),
(756, '2024-02-23', 7, 30, 31, NULL, 16),
(757, '2024-02-24', 5, 31, 32, NULL, 16),
(758, '2024-02-25', 4, 32, 33, NULL, 16),
(759, '2024-02-26', 2, 33, 34, NULL, 16),
(760, '2024-02-27', 2, 34, 35, NULL, 16),
(761, '2024-02-28', 4, 35, 36, NULL, 16),
(762, '2024-02-29', 1, 36, 37, NULL, 16),
(763, '2024-03-01', 9, 37, 38, NULL, 16),
(764, '2024-03-02', 5, 38, 39, NULL, 16),
(765, '2024-03-03', 6, 39, 40, NULL, 16),
(766, '2024-03-04', 6, 40, 41, NULL, 16),
(767, '2024-03-05', 5, 41, 42, NULL, 16),
(768, '2024-03-06', 1, 42, 43, NULL, 16),
(769, '2024-03-07', 9, 43, 44, NULL, 16),
(770, '2024-03-08', 3, 44, 45, NULL, 16),
(771, '2024-03-09', 5, 45, 46, NULL, 16),
(772, '2024-03-10', 7, 46, 47, NULL, 16),
(773, '2024-03-11', 3, 47, 48, NULL, 16),
(774, '2024-03-12', 5, 48, 49, NULL, 16),
(775, '2024-03-13', 3, 49, 50, NULL, 16),
(776, '2024-03-14', 2, 50, 51, NULL, 16),
(777, '2024-03-15', 7, 51, 52, NULL, 16),
(778, '2024-03-16', 3, 52, 53, NULL, 16),
(779, '2024-03-17', 6, 53, 54, NULL, 16),
(780, '2024-03-18', 7, 54, 55, NULL, 16),
(781, '2024-03-19', 8, 55, 56, NULL, 16),
(782, '2024-03-20', 2, 56, 57, NULL, 16),
(783, '2024-03-21', 6, 57, 58, NULL, 16),
(784, '2024-03-22', 9, 58, 59, NULL, 16),
(785, '2024-03-23', 4, 59, 60, NULL, 16),
(786, '2024-03-24', 2, 60, 61, NULL, 16),
(787, '2024-03-25', 6, 61, 62, NULL, 16),
(788, '2024-04-29', 9, 32, 33, NULL, 17),
(789, '2024-04-30', 9, 33, 34, NULL, 17),
(790, '2024-05-01', 5, 34, 35, NULL, 17),
(791, '2024-05-02', 7, 35, 36, NULL, 17),
(792, '2024-05-03', 1, 36, 37, NULL, 17),
(793, '2024-05-04', 2, 37, 38, NULL, 17),
(794, '2024-05-05', 3, 38, 39, NULL, 17),
(795, '2024-05-06', 4, 39, 40, NULL, 17),
(796, '2024-05-07', 5, 40, 41, NULL, 17),
(797, '2024-05-08', 8, 41, 42, NULL, 17),
(798, '2024-05-09', 4, 42, 43, NULL, 17),
(799, '2024-05-10', 7, 43, 44, NULL, 17),
(800, '2024-05-11', 3, 44, 45, NULL, 17),
(801, '2024-05-12', 7, 45, 46, NULL, 17),
(802, '2024-05-13', 4, 46, 47, NULL, 17),
(803, '2024-05-14', 5, 47, 48, NULL, 17),
(804, '2024-05-15', 4, 48, 49, NULL, 17),
(805, '2024-05-16', 3, 49, 50, NULL, 17),
(806, '2024-05-17', 1, 50, 51, NULL, 17),
(807, '2024-05-18', 7, 51, 52, NULL, 17),
(808, '2024-05-19', 1, 52, 53, NULL, 17),
(809, '2024-05-20', 9, 53, 54, NULL, 17),
(810, '2024-05-21', 9, 54, 55, NULL, 17),
(811, '2024-05-22', 8, 55, 56, NULL, 17),
(812, '2024-05-23', 8, 56, 57, NULL, 17),
(813, '2024-05-24', 3, 57, 58, NULL, 17),
(814, '2024-05-25', 1, 58, 59, NULL, 17),
(815, '2024-05-26', 2, 59, 60, NULL, 17),
(816, '2024-05-27', 4, 60, 61, NULL, 17),
(817, '2024-05-28', 9, 61, 62, NULL, 17),
(818, '2024-05-29', 5, 62, 63, NULL, 17),
(819, '2024-05-30', 6, 63, 64, NULL, 17),
(820, '2024-05-31', 2, 64, 65, NULL, 17),
(821, '2024-06-01', 6, 65, 66, NULL, 17),
(822, '2024-06-02', 5, 66, 67, NULL, 17),
(823, '2024-06-03', 1, 67, 68, NULL, 17),
(824, '2024-06-04', 3, 68, 69, NULL, 17),
(825, '2024-06-05', 5, 69, 70, NULL, 17),
(826, '2024-06-06', 2, 70, 71, NULL, 17),
(827, '2024-06-07', 3, 71, 72, NULL, 17),
(828, '2024-06-08', 4, 72, 73, NULL, 17),
(829, '2024-06-09', 8, 73, 74, NULL, 17),
(830, '2024-06-10', 6, 74, 75, NULL, 17),
(831, '2024-06-11', 7, 75, 76, NULL, 17),
(832, '2024-06-12', 9, 76, 77, NULL, 17),
(833, '2024-06-13', 4, 77, 78, NULL, 17),
(834, '2024-06-14', 1, 78, 79, NULL, 17),
(835, '2024-06-15', 7, 79, 80, NULL, 17),
(836, '2024-06-16', 8, 80, 81, NULL, 17),
(837, '2024-06-17', 9, 81, 82, NULL, 17),
(838, '2023-07-12', 3, 38, 39, NULL, 18),
(839, '2023-07-13', 5, 39, 40, NULL, 18),
(840, '2023-07-14', 7, 40, 41, NULL, 18),
(841, '2023-07-15', 3, 41, 42, NULL, 18),
(842, '2023-07-16', 5, 42, 43, NULL, 18),
(843, '2023-07-17', 1, 43, 44, NULL, 18),
(844, '2023-07-18', 3, 44, 45, NULL, 18),
(845, '2023-07-19', 4, 45, 46, NULL, 18),
(846, '2023-07-20', 4, 46, 47, NULL, 18),
(847, '2023-07-21', 8, 47, 48, NULL, 18),
(848, '2023-07-22', 4, 48, 49, NULL, 18),
(849, '2023-07-23', 9, 49, 50, NULL, 18),
(850, '2023-07-24', 4, 50, 51, NULL, 18),
(851, '2023-07-25', 9, 51, 52, NULL, 18),
(852, '2023-07-26', 8, 52, 53, NULL, 18),
(853, '2023-07-27', 1, 53, 54, NULL, 18),
(854, '2023-07-28', 6, 54, 55, NULL, 18),
(855, '2023-07-29', 3, 55, 56, NULL, 18),
(856, '2023-07-30', 1, 56, 57, NULL, 18),
(857, '2023-07-31', 8, 57, 58, NULL, 18),
(858, '2023-08-01', 6, 58, 59, NULL, 18),
(859, '2023-08-02', 2, 59, 60, NULL, 18),
(860, '2023-08-03', 1, 60, 61, NULL, 18),
(861, '2023-08-04', 8, 61, 62, NULL, 18),
(862, '2023-08-05', 8, 62, 63, NULL, 18),
(863, '2023-08-06', 1, 63, 64, NULL, 18),
(864, '2023-08-07', 7, 64, 65, NULL, 18),
(865, '2023-08-08', 7, 65, 66, NULL, 18),
(866, '2023-08-09', 7, 66, 67, NULL, 18),
(867, '2023-08-10', 2, 67, 68, NULL, 18),
(868, '2023-08-11', 9, 68, 69, NULL, 18),
(869, '2023-08-12', 3, 69, 70, NULL, 18),
(870, '2023-08-13', 9, 70, 71, NULL, 18),
(871, '2023-08-14', 5, 71, 72, NULL, 18),
(872, '2023-08-15', 6, 72, 73, NULL, 18),
(873, '2023-08-16', 5, 73, 74, NULL, 18),
(874, '2023-08-17', 5, 74, 75, NULL, 18),
(875, '2023-08-18', 5, 75, 76, NULL, 18),
(876, '2023-08-19', 6, 76, 77, NULL, 18),
(877, '2023-08-20', 1, 77, 78, NULL, 18),
(878, '2023-08-21', 4, 78, 79, NULL, 18),
(879, '2023-08-22', 9, 79, 80, NULL, 18),
(880, '2023-08-23', 1, 80, 81, NULL, 18),
(881, '2023-08-24', 7, 81, 82, NULL, 18),
(882, '2023-08-25', 4, 82, 83, NULL, 18),
(883, '2023-08-26', 5, 83, 84, NULL, 18),
(884, '2023-08-27', 2, 84, 85, NULL, 18),
(885, '2023-08-28', 8, 85, 86, NULL, 18),
(886, '2023-08-29', 7, 86, 87, NULL, 18),
(887, '2023-08-30', 8, 87, 88, NULL, 18),
(888, '2023-08-19', 1, 28, 29, NULL, 19),
(889, '2023-08-20', 1, 29, 30, NULL, 19),
(890, '2023-08-21', 8, 30, 31, NULL, 19),
(891, '2023-08-22', 1, 31, 32, NULL, 19),
(892, '2023-08-23', 3, 32, 33, NULL, 19),
(893, '2023-08-24', 6, 33, 34, NULL, 19),
(894, '2023-08-25', 9, 34, 35, NULL, 19),
(895, '2023-08-26', 9, 35, 36, NULL, 19),
(896, '2023-08-27', 8, 36, 37, NULL, 19),
(897, '2023-08-28', 8, 37, 38, NULL, 19),
(898, '2023-08-29', 7, 38, 39, NULL, 19),
(899, '2023-08-30', 9, 39, 40, NULL, 19),
(900, '2023-08-31', 5, 40, 41, NULL, 19),
(901, '2023-09-01', 1, 41, 42, NULL, 19),
(902, '2023-09-02', 8, 42, 43, NULL, 19),
(903, '2023-09-03', 8, 43, 44, NULL, 19),
(904, '2023-09-04', 8, 44, 45, NULL, 19),
(905, '2023-09-05', 3, 45, 46, NULL, 19),
(906, '2023-09-06', 4, 46, 47, NULL, 19),
(907, '2023-09-07', 9, 47, 48, NULL, 19),
(908, '2023-09-08', 1, 48, 49, NULL, 19),
(909, '2023-09-09', 6, 49, 50, NULL, 19),
(910, '2023-09-10', 4, 50, 51, NULL, 19),
(911, '2023-09-11', 3, 51, 52, NULL, 19),
(912, '2023-09-12', 4, 52, 53, NULL, 19),
(913, '2023-09-13', 5, 53, 54, NULL, 19),
(914, '2023-09-14', 7, 54, 55, NULL, 19),
(915, '2023-09-15', 3, 55, 56, NULL, 19),
(916, '2023-09-16', 3, 56, 57, NULL, 19),
(917, '2023-09-17', 5, 57, 58, NULL, 19),
(918, '2023-09-18', 4, 58, 59, NULL, 19),
(919, '2023-09-19', 1, 59, 60, NULL, 19),
(920, '2023-09-20', 2, 60, 61, NULL, 19),
(921, '2023-09-21', 7, 61, 62, NULL, 19),
(922, '2023-09-22', 6, 62, 63, NULL, 19),
(923, '2023-09-23', 4, 63, 64, NULL, 19),
(924, '2023-09-24', 6, 64, 65, NULL, 19),
(925, '2023-09-25', 5, 65, 66, NULL, 19),
(926, '2023-09-26', 1, 66, 67, NULL, 19),
(927, '2023-09-27', 1, 67, 68, NULL, 19),
(928, '2023-09-28', 4, 68, 69, NULL, 19),
(929, '2023-09-29', 5, 69, 70, NULL, 19),
(930, '2023-09-30', 7, 70, 71, NULL, 19),
(931, '2023-10-01', 7, 71, 72, NULL, 19),
(932, '2023-10-02', 5, 72, 73, NULL, 19),
(933, '2023-10-03', 3, 73, 74, NULL, 19),
(934, '2023-10-04', 2, 74, 75, NULL, 19),
(935, '2023-10-05', 6, 75, 76, NULL, 19),
(936, '2023-10-06', 3, 76, 77, NULL, 19),
(937, '2023-10-07', 6, 77, 78, NULL, 19),
(938, '2023-11-30', 7, 10, 11, NULL, 20),
(939, '2023-12-01', 6, 11, 12, NULL, 20),
(940, '2023-12-02', 3, 12, 13, NULL, 20),
(941, '2023-12-03', 7, 13, 14, NULL, 20),
(942, '2023-12-04', 7, 14, 15, NULL, 20),
(943, '2023-12-05', 8, 15, 16, NULL, 20),
(944, '2023-12-06', 2, 16, 17, NULL, 20),
(945, '2023-12-07', 1, 17, 18, NULL, 20),
(946, '2023-12-08', 9, 18, 19, NULL, 20),
(947, '2023-12-09', 4, 19, 20, NULL, 20),
(948, '2023-12-10', 1, 20, 21, NULL, 20),
(949, '2023-12-11', 5, 21, 22, NULL, 20),
(950, '2023-12-12', 1, 22, 23, NULL, 20),
(951, '2023-12-13', 8, 23, 24, NULL, 20),
(952, '2023-12-14', 7, 24, 25, NULL, 20),
(953, '2023-12-15', 5, 25, 26, NULL, 20),
(954, '2023-12-16', 1, 26, 27, NULL, 20),
(955, '2023-12-17', 2, 27, 28, NULL, 20),
(956, '2023-12-18', 1, 28, 29, NULL, 20),
(957, '2023-12-19', 3, 29, 30, NULL, 20),
(958, '2023-12-20', 2, 30, 31, NULL, 20),
(959, '2023-12-21', 7, 31, 32, NULL, 20),
(960, '2023-12-22', 7, 32, 33, NULL, 20),
(961, '2023-12-23', 6, 33, 34, NULL, 20),
(962, '2023-12-24', 5, 34, 35, NULL, 20),
(963, '2023-12-25', 9, 35, 36, NULL, 20),
(964, '2023-12-26', 4, 36, 37, NULL, 20),
(965, '2023-12-27', 9, 37, 38, NULL, 20),
(966, '2023-12-28', 4, 38, 39, NULL, 20),
(967, '2023-12-29', 7, 39, 40, NULL, 20),
(968, '2023-12-30', 7, 40, 41, NULL, 20),
(969, '2023-12-31', 4, 41, 42, NULL, 20),
(970, '2024-01-01', 8, 42, 43, NULL, 20),
(971, '2024-01-02', 7, 43, 44, NULL, 20),
(972, '2024-01-03', 9, 44, 45, NULL, 20),
(973, '2024-01-04', 9, 45, 46, NULL, 20),
(974, '2024-01-05', 9, 46, 47, NULL, 20),
(975, '2024-01-06', 6, 47, 48, NULL, 20),
(976, '2024-01-07', 4, 48, 49, NULL, 20),
(977, '2024-01-08', 3, 49, 50, NULL, 20),
(978, '2024-01-09', 3, 50, 51, NULL, 20),
(979, '2024-01-10', 9, 51, 52, NULL, 20),
(980, '2024-01-11', 3, 52, 53, NULL, 20),
(981, '2024-01-12', 6, 53, 54, NULL, 20),
(982, '2024-01-13', 9, 54, 55, NULL, 20),
(983, '2024-01-14', 1, 55, 56, NULL, 20),
(984, '2024-01-15', 9, 56, 57, NULL, 20),
(985, '2024-01-16', 8, 57, 58, NULL, 20),
(986, '2024-01-17', 3, 58, 59, NULL, 20),
(987, '2024-01-18', 3, 59, 60, NULL, 20),
(988, '2024-06-09', 3, 3, 4, NULL, 21),
(989, '2024-06-10', 7, 4, 5, NULL, 21),
(990, '2024-06-11', 3, 5, 6, NULL, 21),
(991, '2024-06-12', 7, 6, 7, NULL, 21),
(992, '2024-06-13', 4, 7, 8, NULL, 21),
(993, '2024-06-14', 4, 8, 9, NULL, 21),
(994, '2024-06-15', 8, 9, 10, NULL, 21),
(995, '2024-06-16', 2, 10, 11, NULL, 21),
(996, '2024-06-17', 9, 11, 12, NULL, 21),
(997, '2024-06-18', 6, 12, 13, NULL, 21),
(998, '2024-06-19', 6, 13, 14, NULL, 21),
(999, '2024-06-20', 7, 14, 15, NULL, 21),
(1000, '2024-06-21', 5, 15, 16, NULL, 21),
(1001, '2024-06-22', 3, 16, 17, NULL, 21),
(1002, '2024-06-23', 1, 17, 18, NULL, 21),
(1003, '2024-06-24', 1, 18, 19, NULL, 21),
(1004, '2024-06-25', 4, 19, 20, NULL, 21),
(1005, '2024-06-26', 9, 20, 21, NULL, 21),
(1006, '2024-06-27', 5, 21, 22, NULL, 21),
(1007, '2024-06-28', 8, 22, 23, NULL, 21),
(1008, '2024-06-29', 5, 23, 24, NULL, 21),
(1009, '2024-06-30', 2, 24, 25, NULL, 21),
(1010, '2024-07-01', 7, 25, 26, NULL, 21),
(1011, '2024-07-02', 3, 26, 27, NULL, 21),
(1012, '2024-07-03', 1, 27, 28, NULL, 21),
(1013, '2024-07-04', 1, 28, 29, NULL, 21),
(1014, '2024-07-05', 4, 29, 30, NULL, 21),
(1015, '2024-07-06', 1, 30, 31, NULL, 21),
(1016, '2024-07-07', 8, 31, 32, NULL, 21),
(1017, '2024-07-08', 3, 32, 33, NULL, 21),
(1018, '2024-07-09', 9, 33, 34, NULL, 21),
(1019, '2024-07-10', 4, 34, 35, NULL, 21),
(1020, '2024-07-11', 8, 35, 36, NULL, 21),
(1021, '2024-07-12', 8, 36, 37, NULL, 21),
(1022, '2024-07-13', 9, 37, 38, NULL, 21),
(1023, '2024-07-14', 7, 38, 39, NULL, 21),
(1024, '2024-07-15', 1, 39, 40, NULL, 21),
(1025, '2024-07-16', 5, 40, 41, NULL, 21),
(1026, '2024-07-17', 9, 41, 42, NULL, 21),
(1027, '2024-07-18', 2, 42, 43, NULL, 21),
(1028, '2024-07-19', 5, 43, 44, NULL, 21),
(1029, '2024-07-20', 4, 44, 45, NULL, 21),
(1030, '2024-07-21', 6, 45, 46, NULL, 21),
(1031, '2024-07-22', 6, 46, 47, NULL, 21),
(1032, '2024-07-23', 7, 47, 48, NULL, 21),
(1033, '2024-07-24', 8, 48, 49, NULL, 21),
(1034, '2024-07-25', 4, 49, 50, NULL, 21),
(1035, '2024-07-26', 6, 50, 51, NULL, 21),
(1036, '2024-07-27', 1, 51, 52, NULL, 21),
(1037, '2024-07-28', 4, 52, 53, NULL, 21),
(1038, '2023-07-12', 9, 9, 10, NULL, 22),
(1039, '2023-07-13', 1, 10, 11, NULL, 22),
(1040, '2023-07-14', 3, 11, 12, NULL, 22),
(1041, '2023-07-15', 7, 12, 13, NULL, 22),
(1042, '2023-07-16', 6, 13, 14, NULL, 22),
(1043, '2023-07-17', 9, 14, 15, NULL, 22),
(1044, '2023-07-18', 3, 15, 16, NULL, 22),
(1045, '2023-07-19', 5, 16, 17, NULL, 22),
(1046, '2023-07-20', 1, 17, 18, NULL, 22),
(1047, '2023-07-21', 6, 18, 19, NULL, 22),
(1048, '2023-07-22', 3, 19, 20, NULL, 22),
(1049, '2023-07-23', 8, 20, 21, NULL, 22),
(1050, '2023-07-24', 2, 21, 22, NULL, 22),
(1051, '2023-07-25', 2, 22, 23, NULL, 22),
(1052, '2023-07-26', 6, 23, 24, NULL, 22),
(1053, '2023-07-27', 3, 24, 25, NULL, 22),
(1054, '2023-07-28', 7, 25, 26, NULL, 22),
(1055, '2023-07-29', 1, 26, 27, NULL, 22),
(1056, '2023-07-30', 9, 27, 28, NULL, 22),
(1057, '2023-07-31', 2, 28, 29, NULL, 22),
(1058, '2023-08-01', 3, 29, 30, NULL, 22),
(1059, '2023-08-02', 3, 30, 31, NULL, 22),
(1060, '2023-08-03', 5, 31, 32, NULL, 22),
(1061, '2023-08-04', 2, 32, 33, NULL, 22),
(1062, '2023-08-05', 1, 33, 34, NULL, 22),
(1063, '2023-08-06', 2, 34, 35, NULL, 22),
(1064, '2023-08-07', 1, 35, 36, NULL, 22),
(1065, '2023-08-08', 3, 36, 37, NULL, 22),
(1066, '2023-08-09', 1, 37, 38, NULL, 22),
(1067, '2023-08-10', 9, 38, 39, NULL, 22),
(1068, '2023-08-11', 4, 39, 40, NULL, 22),
(1069, '2023-08-12', 2, 40, 41, NULL, 22),
(1070, '2023-08-13', 7, 41, 42, NULL, 22),
(1071, '2023-08-14', 8, 42, 43, NULL, 22),
(1072, '2023-08-15', 1, 43, 44, NULL, 22),
(1073, '2023-08-16', 7, 44, 45, NULL, 22),
(1074, '2023-08-17', 5, 45, 46, NULL, 22),
(1075, '2023-08-18', 9, 46, 47, NULL, 22),
(1076, '2023-08-19', 2, 47, 48, NULL, 22),
(1077, '2023-08-20', 8, 48, 49, NULL, 22),
(1078, '2023-08-21', 6, 49, 50, NULL, 22),
(1079, '2023-08-22', 4, 50, 51, NULL, 22),
(1080, '2023-08-23', 8, 51, 52, NULL, 22),
(1081, '2023-08-24', 2, 52, 53, NULL, 22),
(1082, '2023-08-25', 5, 53, 54, NULL, 22),
(1083, '2023-08-26', 4, 54, 55, NULL, 22),
(1084, '2023-08-27', 1, 55, 56, NULL, 22),
(1085, '2023-08-28', 8, 56, 57, NULL, 22),
(1086, '2023-08-29', 8, 57, 58, NULL, 22),
(1087, '2023-08-30', 9, 58, 59, NULL, 22),
(1088, '2023-11-28', 5, 53, 54, NULL, 23),
(1089, '2023-11-29', 2, 54, 55, NULL, 23),
(1090, '2023-11-30', 5, 55, 56, NULL, 23),
(1091, '2023-12-01', 3, 56, 57, NULL, 23),
(1092, '2023-12-02', 2, 57, 58, NULL, 23),
(1093, '2023-12-03', 8, 58, 59, NULL, 23),
(1094, '2023-12-04', 1, 59, 60, NULL, 23),
(1095, '2023-12-05', 4, 60, 61, NULL, 23),
(1096, '2023-12-06', 1, 61, 62, NULL, 23),
(1097, '2023-12-07', 6, 62, 63, NULL, 23),
(1098, '2023-12-08', 6, 63, 64, NULL, 23),
(1099, '2023-12-09', 2, 64, 65, NULL, 23),
(1100, '2023-12-10', 5, 65, 66, NULL, 23),
(1101, '2023-12-11', 7, 66, 67, NULL, 23),
(1102, '2023-12-12', 6, 67, 68, NULL, 23),
(1103, '2023-12-13', 8, 68, 69, NULL, 23),
(1104, '2023-12-14', 3, 69, 70, NULL, 23),
(1105, '2023-12-15', 7, 70, 71, NULL, 23),
(1106, '2023-12-16', 8, 71, 72, NULL, 23),
(1107, '2023-12-17', 7, 72, 73, NULL, 23),
(1108, '2023-12-18', 8, 73, 74, NULL, 23),
(1109, '2023-12-19', 4, 74, 75, NULL, 23),
(1110, '2023-12-20', 6, 75, 76, NULL, 23),
(1111, '2023-12-21', 5, 76, 77, NULL, 23),
(1112, '2023-12-22', 5, 77, 78, NULL, 23),
(1113, '2023-12-23', 1, 78, 79, NULL, 23),
(1114, '2023-12-24', 3, 79, 80, NULL, 23),
(1115, '2023-12-25', 9, 80, 81, NULL, 23),
(1116, '2023-12-26', 6, 81, 82, NULL, 23),
(1117, '2023-12-27', 5, 82, 83, NULL, 23),
(1118, '2023-12-28', 7, 83, 84, NULL, 23),
(1119, '2023-12-29', 6, 84, 85, NULL, 23),
(1120, '2023-12-30', 1, 85, 86, NULL, 23),
(1121, '2023-12-31', 8, 86, 87, NULL, 23),
(1122, '2024-01-01', 9, 87, 88, NULL, 23),
(1123, '2024-01-02', 5, 88, 89, NULL, 23),
(1124, '2024-01-03', 2, 89, 90, NULL, 23),
(1125, '2024-01-04', 9, 90, 91, NULL, 23),
(1126, '2024-01-05', 9, 91, 92, NULL, 23),
(1127, '2024-01-06', 2, 92, 93, NULL, 23),
(1128, '2024-01-07', 8, 93, 94, NULL, 23),
(1129, '2024-01-08', 8, 94, 95, NULL, 23),
(1130, '2024-01-09', 7, 95, 96, NULL, 23),
(1131, '2024-01-10', 5, 96, 97, NULL, 23),
(1132, '2024-01-11', 4, 97, 98, NULL, 23),
(1133, '2024-01-12', 1, 98, 99, NULL, 23),
(1134, '2024-01-13', 9, 99, 100, NULL, 23),
(1135, '2024-01-14', 6, 100, 101, NULL, 23),
(1136, '2024-01-15', 5, 101, 102, NULL, 23),
(1137, '2024-01-16', 7, 102, 103, NULL, 23),
(1138, '2023-12-13', 5, 55, 56, NULL, 24),
(1139, '2023-12-14', 3, 56, 57, NULL, 24),
(1140, '2023-12-15', 7, 57, 58, NULL, 24),
(1141, '2023-12-16', 4, 58, 59, NULL, 24),
(1142, '2023-12-17', 4, 59, 60, NULL, 24),
(1143, '2023-12-18', 9, 60, 61, NULL, 24),
(1144, '2023-12-19', 7, 61, 62, NULL, 24),
(1145, '2023-12-20', 1, 62, 63, NULL, 24),
(1146, '2023-12-21', 4, 63, 64, NULL, 24),
(1147, '2023-12-22', 4, 64, 65, NULL, 24),
(1148, '2023-12-23', 6, 65, 66, NULL, 24),
(1149, '2023-12-24', 5, 66, 67, NULL, 24),
(1150, '2023-12-25', 8, 67, 68, NULL, 24),
(1151, '2023-12-26', 2, 68, 69, NULL, 24),
(1152, '2023-12-27', 8, 69, 70, NULL, 24),
(1153, '2023-12-28', 9, 70, 71, NULL, 24),
(1154, '2023-12-29', 1, 71, 72, NULL, 24),
(1155, '2023-12-30', 8, 72, 73, NULL, 24),
(1156, '2023-12-31', 5, 73, 74, NULL, 24),
(1157, '2024-01-01', 2, 74, 75, NULL, 24),
(1158, '2024-01-02', 1, 75, 76, NULL, 24),
(1159, '2024-01-03', 7, 76, 77, NULL, 24),
(1160, '2024-01-04', 8, 77, 78, NULL, 24),
(1161, '2024-01-05', 3, 78, 79, NULL, 24),
(1162, '2024-01-06', 2, 79, 80, NULL, 24),
(1163, '2024-01-07', 9, 80, 81, NULL, 24),
(1164, '2024-01-08', 6, 81, 82, NULL, 24),
(1165, '2024-01-09', 8, 82, 83, NULL, 24),
(1166, '2024-01-10', 6, 83, 84, NULL, 24),
(1167, '2024-01-11', 2, 84, 85, NULL, 24),
(1168, '2024-01-12', 4, 85, 86, NULL, 24),
(1169, '2024-01-13', 8, 86, 87, NULL, 24),
(1170, '2024-01-14', 3, 87, 88, NULL, 24),
(1171, '2024-01-15', 2, 88, 89, NULL, 24),
(1172, '2024-01-16', 6, 89, 90, NULL, 24),
(1173, '2024-01-17', 4, 90, 91, NULL, 24),
(1174, '2024-01-18', 7, 91, 92, NULL, 24),
(1175, '2024-01-19', 4, 92, 93, NULL, 24),
(1176, '2024-01-20', 7, 93, 94, NULL, 24),
(1177, '2024-01-21', 4, 94, 95, NULL, 24),
(1178, '2024-01-22', 6, 95, 96, NULL, 24),
(1179, '2024-01-23', 7, 96, 97, NULL, 24),
(1180, '2024-01-24', 7, 97, 98, NULL, 24),
(1181, '2024-01-25', 2, 98, 99, NULL, 24),
(1182, '2024-01-26', 8, 99, 100, NULL, 24),
(1183, '2024-01-27', 8, 100, 101, NULL, 24),
(1184, '2024-01-28', 5, 101, 102, NULL, 24),
(1185, '2024-01-29', 7, 102, 103, NULL, 24),
(1186, '2024-01-30', 3, 103, 104, NULL, 24),
(1187, '2024-01-31', 8, 104, 105, NULL, 24),
(1188, '2023-10-20', 5, 5, 6, NULL, 25),
(1189, '2023-10-21', 1, 6, 7, NULL, 25),
(1190, '2023-10-22', 8, 7, 8, NULL, 25),
(1191, '2023-10-23', 2, 8, 9, NULL, 25),
(1192, '2023-10-24', 9, 9, 10, NULL, 25),
(1193, '2023-10-25', 9, 10, 11, NULL, 25),
(1194, '2023-10-26', 2, 11, 12, NULL, 25),
(1195, '2023-10-27', 8, 12, 13, NULL, 25),
(1196, '2023-10-28', 1, 13, 14, NULL, 25),
(1197, '2023-10-29', 2, 14, 15, NULL, 25),
(1198, '2023-10-30', 1, 15, 16, NULL, 25),
(1199, '2023-10-31', 5, 16, 17, NULL, 25),
(1200, '2023-11-01', 5, 17, 18, NULL, 25),
(1201, '2023-11-02', 2, 18, 19, NULL, 25),
(1202, '2023-11-03', 5, 19, 20, NULL, 25),
(1203, '2023-11-04', 4, 20, 21, NULL, 25),
(1204, '2023-11-05', 7, 21, 22, NULL, 25),
(1205, '2023-11-06', 1, 22, 23, NULL, 25),
(1206, '2023-11-07', 8, 23, 24, NULL, 25),
(1207, '2023-11-08', 6, 24, 25, NULL, 25),
(1208, '2023-11-09', 8, 25, 26, NULL, 25),
(1209, '2023-11-10', 4, 26, 27, NULL, 25),
(1210, '2023-11-11', 3, 27, 28, NULL, 25),
(1211, '2023-11-12', 7, 28, 29, NULL, 25),
(1212, '2023-11-13', 4, 29, 30, NULL, 25),
(1213, '2023-11-14', 1, 30, 31, NULL, 25),
(1214, '2023-11-15', 6, 31, 32, NULL, 25),
(1215, '2023-11-16', 5, 32, 33, NULL, 25),
(1216, '2023-11-17', 5, 33, 34, NULL, 25),
(1217, '2023-11-18', 7, 34, 35, NULL, 25),
(1218, '2023-11-19', 9, 35, 36, NULL, 25),
(1219, '2023-11-20', 5, 36, 37, NULL, 25),
(1220, '2023-11-21', 9, 37, 38, NULL, 25),
(1221, '2023-11-22', 2, 38, 39, NULL, 25),
(1222, '2023-11-23', 2, 39, 40, NULL, 25),
(1223, '2023-11-24', 5, 40, 41, NULL, 25),
(1224, '2023-11-25', 8, 41, 42, NULL, 25),
(1225, '2023-11-26', 3, 42, 43, NULL, 25),
(1226, '2023-11-27', 7, 43, 44, NULL, 25),
(1227, '2023-11-28', 2, 44, 45, NULL, 25),
(1228, '2023-11-29', 9, 45, 46, NULL, 25),
(1229, '2023-11-30', 6, 46, 47, NULL, 25),
(1230, '2023-12-01', 8, 47, 48, NULL, 25),
(1231, '2023-12-02', 6, 48, 49, NULL, 25),
(1232, '2023-12-03', 5, 49, 50, NULL, 25),
(1233, '2023-12-04', 1, 50, 51, NULL, 25),
(1234, '2023-12-05', 2, 51, 52, NULL, 25),
(1235, '2023-12-06', 3, 52, 53, NULL, 25),
(1236, '2023-12-07', 1, 53, 54, NULL, 25),
(1237, '2023-12-08', 6, 54, 55, NULL, 25),
(1238, '2023-11-17', 2, 79, 80, NULL, 26),
(1239, '2023-11-18', 8, 80, 81, NULL, 26),
(1240, '2023-11-19', 5, 81, 82, NULL, 26),
(1241, '2023-11-20', 8, 82, 83, NULL, 26),
(1242, '2023-11-21', 7, 83, 84, NULL, 26),
(1243, '2023-11-22', 5, 84, 85, NULL, 26),
(1244, '2023-11-23', 6, 85, 86, NULL, 26),
(1245, '2023-11-24', 2, 86, 87, NULL, 26),
(1246, '2023-11-25', 1, 87, 88, NULL, 26),
(1247, '2023-11-26', 6, 88, 89, NULL, 26),
(1248, '2023-11-27', 7, 89, 90, NULL, 26),
(1249, '2023-11-28', 5, 90, 91, NULL, 26),
(1250, '2023-11-29', 6, 91, 92, NULL, 26),
(1251, '2023-11-30', 5, 92, 93, NULL, 26),
(1252, '2023-12-01', 8, 93, 94, NULL, 26);
INSERT INTO `etape` (`id_etape`, `date_etape`, `quantite_etape`, `fk_gite_quitter`, `fk_gite_rejoindre`, `fk_tournee`, `fk_client`) VALUES
(1253, '2023-12-02', 8, 94, 95, NULL, 26),
(1254, '2023-12-03', 5, 95, 96, NULL, 26),
(1255, '2023-12-04', 2, 96, 97, NULL, 26),
(1256, '2023-12-05', 5, 97, 98, NULL, 26),
(1257, '2023-12-06', 1, 98, 99, NULL, 26),
(1258, '2023-12-07', 7, 99, 100, NULL, 26),
(1259, '2023-12-08', 5, 100, 101, NULL, 26),
(1260, '2023-12-09', 7, 101, 102, NULL, 26),
(1261, '2023-12-10', 1, 102, 103, NULL, 26),
(1262, '2023-12-11', 6, 103, 104, NULL, 26),
(1263, '2023-12-12', 1, 104, 105, NULL, 26),
(1264, '2023-12-13', 9, 105, 106, NULL, 26),
(1265, '2023-12-14', 2, 106, 107, NULL, 26),
(1266, '2023-12-15', 9, 107, 108, NULL, 26),
(1267, '2023-12-16', 6, 108, 109, NULL, 26),
(1268, '2023-12-17', 9, 109, 110, NULL, 26),
(1269, '2023-12-18', 2, 110, 111, NULL, 26),
(1270, '2023-12-19', 9, 111, 112, NULL, 26),
(1271, '2023-12-20', 8, 112, 113, NULL, 26),
(1272, '2023-12-21', 9, 113, 114, NULL, 26),
(1273, '2023-12-22', 2, 114, 115, NULL, 26),
(1274, '2023-12-23', 4, 115, 116, NULL, 26),
(1275, '2023-12-24', 5, 116, 117, NULL, 26),
(1276, '2023-12-25', 8, 117, 118, NULL, 26),
(1277, '2023-12-26', 8, 118, 119, NULL, 26),
(1278, '2023-12-27', 9, 119, 120, NULL, 26),
(1279, '2023-12-28', 7, 120, 121, NULL, 26),
(1280, '2023-12-29', 6, 121, 122, NULL, 26),
(1281, '2023-12-30', 7, 122, 123, NULL, 26),
(1282, '2023-12-31', 2, 123, 124, NULL, 26),
(1283, '2024-01-01', 6, 124, 125, NULL, 26),
(1284, '2024-01-02', 9, 125, 126, NULL, 26),
(1285, '2024-01-03', 5, 126, 127, NULL, 26),
(1286, '2024-01-04', 4, 127, 128, NULL, 26),
(1287, '2024-01-05', 9, 128, 129, NULL, 26),
(1288, '2023-07-21', 7, 14, 15, NULL, 27),
(1289, '2023-07-22', 9, 15, 16, NULL, 27),
(1290, '2023-07-23', 8, 16, 17, NULL, 27),
(1291, '2023-07-24', 7, 17, 18, NULL, 27),
(1292, '2023-07-25', 7, 18, 19, NULL, 27),
(1293, '2023-07-26', 1, 19, 20, NULL, 27),
(1294, '2023-07-27', 5, 20, 21, NULL, 27),
(1295, '2023-07-28', 1, 21, 22, NULL, 27),
(1296, '2023-07-29', 1, 22, 23, NULL, 27),
(1297, '2023-07-30', 9, 23, 24, NULL, 27),
(1298, '2023-07-31', 2, 24, 25, NULL, 27),
(1299, '2023-08-01', 7, 25, 26, NULL, 27),
(1300, '2023-08-02', 5, 26, 27, NULL, 27),
(1301, '2023-08-03', 8, 27, 28, NULL, 27),
(1302, '2023-08-04', 2, 28, 29, NULL, 27),
(1303, '2023-08-05', 6, 29, 30, NULL, 27),
(1304, '2023-08-06', 3, 30, 31, NULL, 27),
(1305, '2023-08-07', 4, 31, 32, NULL, 27),
(1306, '2023-08-08', 7, 32, 33, NULL, 27),
(1307, '2023-08-09', 4, 33, 34, NULL, 27),
(1308, '2023-08-10', 5, 34, 35, NULL, 27),
(1309, '2023-08-11', 6, 35, 36, NULL, 27),
(1310, '2023-08-12', 3, 36, 37, NULL, 27),
(1311, '2023-08-13', 1, 37, 38, NULL, 27),
(1312, '2023-08-14', 6, 38, 39, NULL, 27),
(1313, '2023-08-15', 8, 39, 40, NULL, 27),
(1314, '2023-08-16', 3, 40, 41, NULL, 27),
(1315, '2023-08-17', 2, 41, 42, NULL, 27),
(1316, '2023-08-18', 5, 42, 43, NULL, 27),
(1317, '2023-08-19', 5, 43, 44, NULL, 27),
(1318, '2023-08-20', 2, 44, 45, NULL, 27),
(1319, '2023-08-21', 4, 45, 46, NULL, 27),
(1320, '2023-08-22', 4, 46, 47, NULL, 27),
(1321, '2023-08-23', 2, 47, 48, NULL, 27),
(1322, '2023-08-24', 9, 48, 49, NULL, 27),
(1323, '2023-08-25', 6, 49, 50, NULL, 27),
(1324, '2023-08-26', 8, 50, 51, NULL, 27),
(1325, '2023-08-27', 5, 51, 52, NULL, 27),
(1326, '2023-08-28', 3, 52, 53, NULL, 27),
(1327, '2023-08-29', 2, 53, 54, NULL, 27),
(1328, '2023-08-30', 6, 54, 55, NULL, 27),
(1329, '2023-08-31', 8, 55, 56, NULL, 27),
(1330, '2023-09-01', 7, 56, 57, NULL, 27),
(1331, '2023-09-02', 2, 57, 58, NULL, 27),
(1332, '2023-09-03', 4, 58, 59, NULL, 27),
(1333, '2023-09-04', 7, 59, 60, NULL, 27),
(1334, '2023-09-05', 2, 60, 61, NULL, 27),
(1335, '2023-09-06', 8, 61, 62, NULL, 27),
(1336, '2023-09-07', 6, 62, 63, NULL, 27),
(1337, '2023-09-08', 5, 63, 64, NULL, 27),
(1338, '2023-10-13', 9, 7, 8, NULL, 28),
(1339, '2023-10-14', 8, 8, 9, NULL, 28),
(1340, '2023-10-15', 7, 9, 10, NULL, 28),
(1341, '2023-10-16', 8, 10, 11, NULL, 28),
(1342, '2023-10-17', 5, 11, 12, NULL, 28),
(1343, '2023-10-18', 2, 12, 13, NULL, 28),
(1344, '2023-10-19', 2, 13, 14, NULL, 28),
(1345, '2023-10-20', 7, 14, 15, NULL, 28),
(1346, '2023-10-21', 4, 15, 16, NULL, 28),
(1347, '2023-10-22', 1, 16, 17, NULL, 28),
(1348, '2023-10-23', 4, 17, 18, NULL, 28),
(1349, '2023-10-24', 1, 18, 19, NULL, 28),
(1350, '2023-10-25', 4, 19, 20, NULL, 28),
(1351, '2023-10-26', 6, 20, 21, NULL, 28),
(1352, '2023-10-27', 6, 21, 22, NULL, 28),
(1353, '2023-10-28', 3, 22, 23, NULL, 28),
(1354, '2023-10-29', 6, 23, 24, NULL, 28),
(1355, '2023-10-30', 5, 24, 25, NULL, 28),
(1356, '2023-10-31', 9, 25, 26, NULL, 28),
(1357, '2023-11-01', 1, 26, 27, NULL, 28),
(1358, '2023-11-02', 4, 27, 28, NULL, 28),
(1359, '2023-11-03', 6, 28, 29, NULL, 28),
(1360, '2023-11-04', 9, 29, 30, NULL, 28),
(1361, '2023-11-05', 5, 30, 31, NULL, 28),
(1362, '2023-11-06', 5, 31, 32, NULL, 28),
(1363, '2023-11-07', 8, 32, 33, NULL, 28),
(1364, '2023-11-08', 2, 33, 34, NULL, 28),
(1365, '2023-11-09', 6, 34, 35, NULL, 28),
(1366, '2023-11-10', 2, 35, 36, NULL, 28),
(1367, '2023-11-11', 5, 36, 37, NULL, 28),
(1368, '2023-11-12', 5, 37, 38, NULL, 28),
(1369, '2023-11-13', 6, 38, 39, NULL, 28),
(1370, '2023-11-14', 1, 39, 40, NULL, 28),
(1371, '2023-11-15', 7, 40, 41, NULL, 28),
(1372, '2023-11-16', 1, 41, 42, NULL, 28),
(1373, '2023-11-17', 2, 42, 43, NULL, 28),
(1374, '2023-11-18', 7, 43, 44, NULL, 28),
(1375, '2023-11-19', 9, 44, 45, NULL, 28),
(1376, '2023-11-20', 5, 45, 46, NULL, 28),
(1377, '2023-11-21', 8, 46, 47, NULL, 28),
(1378, '2023-11-22', 2, 47, 48, NULL, 28),
(1379, '2023-11-23', 4, 48, 49, NULL, 28),
(1380, '2023-11-24', 5, 49, 50, NULL, 28),
(1381, '2023-11-25', 4, 50, 51, NULL, 28),
(1382, '2023-11-26', 8, 51, 52, NULL, 28),
(1383, '2023-11-27', 4, 52, 53, NULL, 28),
(1384, '2023-11-28', 7, 53, 54, NULL, 28),
(1385, '2023-11-29', 9, 54, 55, NULL, 28),
(1386, '2023-11-30', 8, 55, 56, NULL, 28),
(1387, '2023-12-01', 5, 56, 57, NULL, 28),
(1388, '2023-08-14', 3, 7, 8, NULL, 29),
(1389, '2023-08-15', 3, 8, 9, NULL, 29),
(1390, '2023-08-16', 5, 9, 10, NULL, 29),
(1391, '2023-08-17', 3, 10, 11, NULL, 29),
(1392, '2023-08-18', 6, 11, 12, NULL, 29),
(1393, '2023-08-19', 4, 12, 13, NULL, 29),
(1394, '2023-08-20', 9, 13, 14, NULL, 29),
(1395, '2023-08-21', 6, 14, 15, NULL, 29),
(1396, '2023-08-22', 4, 15, 16, NULL, 29),
(1397, '2023-08-23', 1, 16, 17, NULL, 29),
(1398, '2023-08-24', 7, 17, 18, NULL, 29),
(1399, '2023-08-25', 7, 18, 19, NULL, 29),
(1400, '2023-08-26', 6, 19, 20, NULL, 29),
(1401, '2023-08-27', 3, 20, 21, NULL, 29),
(1402, '2023-08-28', 8, 21, 22, NULL, 29),
(1403, '2023-08-29', 2, 22, 23, NULL, 29),
(1404, '2023-08-30', 6, 23, 24, NULL, 29),
(1405, '2023-08-31', 6, 24, 25, NULL, 29),
(1406, '2023-09-01', 5, 25, 26, NULL, 29),
(1407, '2023-09-02', 6, 26, 27, NULL, 29),
(1408, '2023-09-03', 3, 27, 28, NULL, 29),
(1409, '2023-09-04', 4, 28, 29, NULL, 29),
(1410, '2023-09-05', 1, 29, 30, NULL, 29),
(1411, '2023-09-06', 4, 30, 31, NULL, 29),
(1412, '2023-09-07', 9, 31, 32, NULL, 29),
(1413, '2023-09-08', 5, 32, 33, NULL, 29),
(1414, '2023-09-09', 8, 33, 34, NULL, 29),
(1415, '2023-09-10', 1, 34, 35, NULL, 29),
(1416, '2023-09-11', 7, 35, 36, NULL, 29),
(1417, '2023-09-12', 3, 36, 37, NULL, 29),
(1418, '2023-09-13', 3, 37, 38, NULL, 29),
(1419, '2023-09-14', 9, 38, 39, NULL, 29),
(1420, '2023-09-15', 6, 39, 40, NULL, 29),
(1421, '2023-09-16', 2, 40, 41, NULL, 29),
(1422, '2023-09-17', 7, 41, 42, NULL, 29),
(1423, '2023-09-18', 9, 42, 43, NULL, 29),
(1424, '2023-09-19', 8, 43, 44, NULL, 29),
(1425, '2023-09-20', 6, 44, 45, NULL, 29),
(1426, '2023-09-21', 9, 45, 46, NULL, 29),
(1427, '2023-09-22', 8, 46, 47, NULL, 29),
(1428, '2023-09-23', 8, 47, 48, NULL, 29),
(1429, '2023-09-24', 9, 48, 49, NULL, 29),
(1430, '2023-09-25', 1, 49, 50, NULL, 29),
(1431, '2023-09-26', 7, 50, 51, NULL, 29),
(1432, '2023-09-27', 9, 51, 52, NULL, 29),
(1433, '2023-09-28', 4, 52, 53, NULL, 29),
(1434, '2023-09-29', 5, 53, 54, NULL, 29),
(1435, '2023-09-30', 9, 54, 55, NULL, 29),
(1436, '2023-10-01', 3, 55, 56, NULL, 29),
(1437, '2023-10-02', 4, 56, 57, NULL, 29),
(1438, '2023-07-04', 5, 24, 25, NULL, 30),
(1439, '2023-07-05', 1, 25, 26, NULL, 30),
(1440, '2023-07-06', 9, 26, 27, NULL, 30),
(1441, '2023-07-07', 6, 27, 28, NULL, 30),
(1442, '2023-07-08', 2, 28, 29, NULL, 30),
(1443, '2023-07-09', 7, 29, 30, NULL, 30),
(1444, '2023-07-10', 3, 30, 31, NULL, 30),
(1445, '2023-07-11', 2, 31, 32, NULL, 30),
(1446, '2023-07-12', 8, 32, 33, NULL, 30),
(1447, '2023-07-13', 6, 33, 34, NULL, 30),
(1448, '2023-07-14', 1, 34, 35, NULL, 30),
(1449, '2023-07-15', 7, 35, 36, NULL, 30),
(1450, '2023-07-16', 1, 36, 37, NULL, 30),
(1451, '2023-07-17', 2, 37, 38, NULL, 30),
(1452, '2023-07-18', 7, 38, 39, NULL, 30),
(1453, '2023-07-19', 2, 39, 40, NULL, 30),
(1454, '2023-07-20', 9, 40, 41, NULL, 30),
(1455, '2023-07-21', 2, 41, 42, NULL, 30),
(1456, '2023-07-22', 1, 42, 43, NULL, 30),
(1457, '2023-07-23', 5, 43, 44, NULL, 30),
(1458, '2023-07-24', 8, 44, 45, NULL, 30),
(1459, '2023-07-25', 3, 45, 46, NULL, 30),
(1460, '2023-07-26', 5, 46, 47, NULL, 30),
(1461, '2023-07-27', 1, 47, 48, NULL, 30),
(1462, '2023-07-28', 2, 48, 49, NULL, 30),
(1463, '2023-07-29', 9, 49, 50, NULL, 30),
(1464, '2023-07-30', 6, 50, 51, NULL, 30),
(1465, '2023-07-31', 2, 51, 52, NULL, 30),
(1466, '2023-08-01', 5, 52, 53, NULL, 30),
(1467, '2023-08-02', 4, 53, 54, NULL, 30),
(1468, '2023-08-03', 5, 54, 55, NULL, 30),
(1469, '2023-08-04', 2, 55, 56, NULL, 30),
(1470, '2023-08-05', 3, 56, 57, NULL, 30),
(1471, '2023-08-06', 5, 57, 58, NULL, 30),
(1472, '2023-08-07', 4, 58, 59, NULL, 30),
(1473, '2023-08-08', 8, 59, 60, NULL, 30),
(1474, '2023-08-09', 8, 60, 61, NULL, 30),
(1475, '2023-08-10', 6, 61, 62, NULL, 30),
(1476, '2023-08-11', 3, 62, 63, NULL, 30),
(1477, '2023-08-12', 1, 63, 64, NULL, 30),
(1478, '2023-08-13', 2, 64, 65, NULL, 30),
(1479, '2023-08-14', 1, 65, 66, NULL, 30),
(1480, '2023-08-15', 3, 66, 67, NULL, 30),
(1481, '2023-08-16', 7, 67, 68, NULL, 30),
(1482, '2023-08-17', 7, 68, 69, NULL, 30),
(1483, '2023-08-18', 9, 69, 70, NULL, 30),
(1484, '2023-08-19', 9, 70, 71, NULL, 30),
(1485, '2023-08-20', 2, 71, 72, NULL, 30),
(1486, '2023-08-21', 4, 72, 73, NULL, 30),
(1487, '2023-08-22', 1, 73, 74, NULL, 30),
(1488, '2023-11-17', 6, 66, 67, NULL, 31),
(1489, '2023-11-18', 7, 67, 68, NULL, 31),
(1490, '2023-11-19', 7, 68, 69, NULL, 31),
(1491, '2023-11-20', 7, 69, 70, NULL, 31),
(1492, '2023-11-21', 5, 70, 71, NULL, 31),
(1493, '2023-11-22', 5, 71, 72, NULL, 31),
(1494, '2023-11-23', 3, 72, 73, NULL, 31),
(1495, '2023-11-24', 7, 73, 74, NULL, 31),
(1496, '2023-11-25', 3, 74, 75, NULL, 31),
(1497, '2023-11-26', 8, 75, 76, NULL, 31),
(1498, '2023-11-27', 4, 76, 77, NULL, 31),
(1499, '2023-11-28', 1, 77, 78, NULL, 31),
(1500, '2023-11-29', 4, 78, 79, NULL, 31),
(1501, '2023-11-30', 9, 79, 80, NULL, 31),
(1502, '2023-12-01', 8, 80, 81, NULL, 31),
(1503, '2023-12-02', 8, 81, 82, NULL, 31),
(1504, '2023-12-03', 4, 82, 83, NULL, 31),
(1505, '2023-12-04', 4, 83, 84, NULL, 31),
(1506, '2023-12-05', 5, 84, 85, NULL, 31),
(1507, '2023-12-06', 4, 85, 86, NULL, 31),
(1508, '2023-12-07', 3, 86, 87, NULL, 31),
(1509, '2023-12-08', 3, 87, 88, NULL, 31),
(1510, '2023-12-09', 6, 88, 89, NULL, 31),
(1511, '2023-12-10', 3, 89, 90, NULL, 31),
(1512, '2023-12-11', 4, 90, 91, NULL, 31),
(1513, '2023-12-12', 9, 91, 92, NULL, 31),
(1514, '2023-12-13', 5, 92, 93, NULL, 31),
(1515, '2023-12-14', 5, 93, 94, NULL, 31),
(1516, '2023-12-15', 6, 94, 95, NULL, 31),
(1517, '2023-12-16', 8, 95, 96, NULL, 31),
(1518, '2023-12-17', 8, 96, 97, NULL, 31),
(1519, '2023-12-18', 3, 97, 98, NULL, 31),
(1520, '2023-12-19', 8, 98, 99, NULL, 31),
(1521, '2023-12-20', 3, 99, 100, NULL, 31),
(1522, '2023-12-21', 3, 100, 101, NULL, 31),
(1523, '2023-12-22', 4, 101, 102, NULL, 31),
(1524, '2023-12-23', 8, 102, 103, NULL, 31),
(1525, '2023-12-24', 8, 103, 104, NULL, 31),
(1526, '2023-12-25', 7, 104, 105, NULL, 31),
(1527, '2023-12-26', 9, 105, 106, NULL, 31),
(1528, '2023-12-27', 1, 106, 107, NULL, 31),
(1529, '2023-12-28', 5, 107, 108, NULL, 31),
(1530, '2023-12-29', 1, 108, 109, NULL, 31),
(1531, '2023-12-30', 2, 109, 110, NULL, 31),
(1532, '2023-12-31', 6, 110, 111, NULL, 31),
(1533, '2024-01-01', 7, 111, 112, NULL, 31),
(1534, '2024-01-02', 3, 112, 113, NULL, 31),
(1535, '2024-01-03', 3, 113, 114, NULL, 31),
(1536, '2024-01-04', 4, 114, 115, NULL, 31),
(1537, '2024-01-05', 8, 115, 116, NULL, 31),
(1538, '2024-06-02', 2, 21, 22, NULL, 32),
(1539, '2024-06-03', 4, 22, 23, NULL, 32),
(1540, '2024-06-04', 7, 23, 24, NULL, 32),
(1541, '2024-06-05', 7, 24, 25, NULL, 32),
(1542, '2024-06-06', 8, 25, 26, NULL, 32),
(1543, '2024-06-07', 7, 26, 27, NULL, 32),
(1544, '2024-06-08', 8, 27, 28, NULL, 32),
(1545, '2024-06-09', 9, 28, 29, NULL, 32),
(1546, '2024-06-10', 2, 29, 30, NULL, 32),
(1547, '2024-06-11', 9, 30, 31, NULL, 32),
(1548, '2024-06-12', 7, 31, 32, NULL, 32),
(1549, '2024-06-13', 6, 32, 33, NULL, 32),
(1550, '2024-06-14', 1, 33, 34, NULL, 32),
(1551, '2024-06-15', 1, 34, 35, NULL, 32),
(1552, '2024-06-16', 2, 35, 36, NULL, 32),
(1553, '2024-06-17', 9, 36, 37, NULL, 32),
(1554, '2024-06-18', 7, 37, 38, NULL, 32),
(1555, '2024-06-19', 2, 38, 39, NULL, 32),
(1556, '2024-06-20', 5, 39, 40, NULL, 32),
(1557, '2024-06-21', 3, 40, 41, NULL, 32),
(1558, '2024-06-22', 6, 41, 42, NULL, 32),
(1559, '2024-06-23', 2, 42, 43, NULL, 32),
(1560, '2024-06-24', 4, 43, 44, NULL, 32),
(1561, '2024-06-25', 9, 44, 45, NULL, 32),
(1562, '2024-06-26', 8, 45, 46, NULL, 32),
(1563, '2024-06-27', 2, 46, 47, NULL, 32),
(1564, '2024-06-28', 7, 47, 48, NULL, 32),
(1565, '2024-06-29', 5, 48, 49, NULL, 32),
(1566, '2024-06-30', 4, 49, 50, NULL, 32),
(1567, '2024-07-01', 5, 50, 51, NULL, 32),
(1568, '2024-07-02', 9, 51, 52, NULL, 32),
(1569, '2024-07-03', 7, 52, 53, NULL, 32),
(1570, '2024-07-04', 1, 53, 54, NULL, 32),
(1571, '2024-07-05', 7, 54, 55, NULL, 32),
(1572, '2024-07-06', 5, 55, 56, NULL, 32),
(1573, '2024-07-07', 1, 56, 57, NULL, 32),
(1574, '2024-07-08', 6, 57, 58, NULL, 32),
(1575, '2024-07-09', 8, 58, 59, NULL, 32),
(1576, '2024-07-10', 9, 59, 60, NULL, 32),
(1577, '2024-07-11', 1, 60, 61, NULL, 32),
(1578, '2024-07-12', 4, 61, 62, NULL, 32),
(1579, '2024-07-13', 7, 62, 63, NULL, 32),
(1580, '2024-07-14', 1, 63, 64, NULL, 32),
(1581, '2024-07-15', 6, 64, 65, NULL, 32),
(1582, '2024-07-16', 6, 65, 66, NULL, 32),
(1583, '2024-07-17', 9, 66, 67, NULL, 32),
(1584, '2024-07-18', 2, 67, 68, NULL, 32),
(1585, '2024-07-19', 6, 68, 69, NULL, 32),
(1586, '2024-07-20', 1, 69, 70, NULL, 32),
(1587, '2024-07-21', 6, 70, 71, NULL, 32),
(1588, '2023-11-14', 3, 10, 11, NULL, 33),
(1589, '2023-11-15', 8, 11, 12, NULL, 33),
(1590, '2023-11-16', 1, 12, 13, NULL, 33),
(1591, '2023-11-17', 9, 13, 14, NULL, 33),
(1592, '2023-11-18', 9, 14, 15, NULL, 33),
(1593, '2023-11-19', 1, 15, 16, NULL, 33),
(1594, '2023-11-20', 9, 16, 17, NULL, 33),
(1595, '2023-11-21', 9, 17, 18, NULL, 33),
(1596, '2023-11-22', 6, 18, 19, NULL, 33),
(1597, '2023-11-23', 9, 19, 20, NULL, 33),
(1598, '2023-11-24', 6, 20, 21, NULL, 33),
(1599, '2023-11-25', 5, 21, 22, NULL, 33),
(1600, '2023-11-26', 1, 22, 23, NULL, 33),
(1601, '2023-11-27', 2, 23, 24, NULL, 33),
(1602, '2023-11-28', 9, 24, 25, NULL, 33),
(1603, '2023-11-29', 3, 25, 26, NULL, 33),
(1604, '2023-11-30', 1, 26, 27, NULL, 33),
(1605, '2023-12-01', 3, 27, 28, NULL, 33),
(1606, '2023-12-02', 4, 28, 29, NULL, 33),
(1607, '2023-12-03', 4, 29, 30, NULL, 33),
(1608, '2023-12-04', 5, 30, 31, NULL, 33),
(1609, '2023-12-05', 1, 31, 32, NULL, 33),
(1610, '2023-12-06', 1, 32, 33, NULL, 33),
(1611, '2023-12-07', 3, 33, 34, NULL, 33),
(1612, '2023-12-08', 2, 34, 35, NULL, 33),
(1613, '2023-12-09', 8, 35, 36, NULL, 33),
(1614, '2023-12-10', 6, 36, 37, NULL, 33),
(1615, '2023-12-11', 7, 37, 38, NULL, 33),
(1616, '2023-12-12', 7, 38, 39, NULL, 33),
(1617, '2023-12-13', 2, 39, 40, NULL, 33),
(1618, '2023-12-14', 8, 40, 41, NULL, 33),
(1619, '2023-12-15', 6, 41, 42, NULL, 33),
(1620, '2023-12-16', 4, 42, 43, NULL, 33),
(1621, '2023-12-17', 6, 43, 44, NULL, 33),
(1622, '2023-12-18', 4, 44, 45, NULL, 33),
(1623, '2023-12-19', 1, 45, 46, NULL, 33),
(1624, '2023-12-20', 8, 46, 47, NULL, 33),
(1625, '2023-12-21', 2, 47, 48, NULL, 33),
(1626, '2023-12-22', 1, 48, 49, NULL, 33),
(1627, '2023-12-23', 6, 49, 50, NULL, 33),
(1628, '2023-12-24', 2, 50, 51, NULL, 33),
(1629, '2023-12-25', 2, 51, 52, NULL, 33),
(1630, '2023-12-26', 1, 52, 53, NULL, 33),
(1631, '2023-12-27', 9, 53, 54, NULL, 33),
(1632, '2023-12-28', 6, 54, 55, NULL, 33),
(1633, '2023-12-29', 2, 55, 56, NULL, 33),
(1634, '2023-12-30', 2, 56, 57, NULL, 33),
(1635, '2023-12-31', 1, 57, 58, NULL, 33),
(1636, '2024-01-01', 3, 58, 59, NULL, 33),
(1637, '2024-01-02', 9, 59, 60, NULL, 33),
(1638, '2023-10-13', 8, 17, 18, NULL, 34),
(1639, '2023-10-14', 2, 18, 19, NULL, 34),
(1640, '2023-10-15', 7, 19, 20, NULL, 34),
(1641, '2023-10-16', 2, 20, 21, NULL, 34),
(1642, '2023-10-17', 8, 21, 22, NULL, 34),
(1643, '2023-10-18', 6, 22, 23, NULL, 34),
(1644, '2023-10-19', 7, 23, 24, NULL, 34),
(1645, '2023-10-20', 4, 24, 25, NULL, 34),
(1646, '2023-10-21', 4, 25, 26, NULL, 34),
(1647, '2023-10-22', 9, 26, 27, NULL, 34),
(1648, '2023-10-23', 4, 27, 28, NULL, 34),
(1649, '2023-10-24', 9, 28, 29, NULL, 34),
(1650, '2023-10-25', 4, 29, 30, NULL, 34),
(1651, '2023-10-26', 5, 30, 31, NULL, 34),
(1652, '2023-10-27', 4, 31, 32, NULL, 34),
(1653, '2023-10-28', 2, 32, 33, NULL, 34),
(1654, '2023-10-29', 6, 33, 34, NULL, 34),
(1655, '2023-10-30', 3, 34, 35, NULL, 34),
(1656, '2023-10-31', 9, 35, 36, NULL, 34),
(1657, '2023-11-01', 4, 36, 37, NULL, 34),
(1658, '2023-11-02', 3, 37, 38, NULL, 34),
(1659, '2023-11-03', 5, 38, 39, NULL, 34),
(1660, '2023-11-04', 7, 39, 40, NULL, 34),
(1661, '2023-11-05', 1, 40, 41, NULL, 34),
(1662, '2023-11-06', 4, 41, 42, NULL, 34),
(1663, '2023-11-07', 1, 42, 43, NULL, 34),
(1664, '2023-11-08', 3, 43, 44, NULL, 34),
(1665, '2023-11-09', 8, 44, 45, NULL, 34),
(1666, '2023-11-10', 3, 45, 46, NULL, 34),
(1667, '2023-11-11', 6, 46, 47, NULL, 34),
(1668, '2023-11-12', 1, 47, 48, NULL, 34),
(1669, '2023-11-13', 8, 48, 49, NULL, 34),
(1670, '2023-11-14', 4, 49, 50, NULL, 34),
(1671, '2023-11-15', 5, 50, 51, NULL, 34),
(1672, '2023-11-16', 3, 51, 52, NULL, 34),
(1673, '2023-11-17', 2, 52, 53, NULL, 34),
(1674, '2023-11-18', 7, 53, 54, NULL, 34),
(1675, '2023-11-19', 2, 54, 55, NULL, 34),
(1676, '2023-11-20', 2, 55, 56, NULL, 34),
(1677, '2023-11-21', 1, 56, 57, NULL, 34),
(1678, '2023-11-22', 2, 57, 58, NULL, 34),
(1679, '2023-11-23', 2, 58, 59, NULL, 34),
(1680, '2023-11-24', 5, 59, 60, NULL, 34),
(1681, '2023-11-25', 1, 60, 61, NULL, 34),
(1682, '2023-11-26', 4, 61, 62, NULL, 34),
(1683, '2023-11-27', 6, 62, 63, NULL, 34),
(1684, '2023-11-28', 2, 63, 64, NULL, 34),
(1685, '2023-11-29', 6, 64, 65, NULL, 34),
(1686, '2023-11-30', 1, 65, 66, NULL, 34),
(1687, '2023-12-01', 2, 66, 67, NULL, 34),
(1688, '2024-03-01', 1, 37, 38, NULL, 35),
(1689, '2024-03-02', 7, 38, 39, NULL, 35),
(1690, '2024-03-03', 7, 39, 40, NULL, 35),
(1691, '2024-03-04', 2, 40, 41, NULL, 35),
(1692, '2024-03-05', 4, 41, 42, NULL, 35),
(1693, '2024-03-06', 9, 42, 43, NULL, 35),
(1694, '2024-03-07', 1, 43, 44, NULL, 35),
(1695, '2024-03-08', 7, 44, 45, NULL, 35),
(1696, '2024-03-09', 1, 45, 46, NULL, 35),
(1697, '2024-03-10', 9, 46, 47, NULL, 35),
(1698, '2024-03-11', 5, 47, 48, NULL, 35),
(1699, '2024-03-12', 4, 48, 49, NULL, 35),
(1700, '2024-03-13', 1, 49, 50, NULL, 35),
(1701, '2024-03-14', 5, 50, 51, NULL, 35),
(1702, '2024-03-15', 7, 51, 52, NULL, 35),
(1703, '2024-03-16', 4, 52, 53, NULL, 35),
(1704, '2024-03-17', 5, 53, 54, NULL, 35),
(1705, '2024-03-18', 4, 54, 55, NULL, 35),
(1706, '2024-03-19', 8, 55, 56, NULL, 35),
(1707, '2024-03-20', 3, 56, 57, NULL, 35),
(1708, '2024-03-21', 8, 57, 58, NULL, 35),
(1709, '2024-03-22', 9, 58, 59, NULL, 35),
(1710, '2024-03-23', 3, 59, 60, NULL, 35),
(1711, '2024-03-24', 6, 60, 61, NULL, 35),
(1712, '2024-03-25', 1, 61, 62, NULL, 35),
(1713, '2024-03-26', 5, 62, 63, NULL, 35),
(1714, '2024-03-27', 2, 63, 64, NULL, 35),
(1715, '2024-03-28', 5, 64, 65, NULL, 35),
(1716, '2024-03-29', 8, 65, 66, NULL, 35),
(1717, '2024-03-30', 2, 66, 67, NULL, 35),
(1718, '2024-03-31', 6, 67, 68, NULL, 35),
(1719, '2024-04-01', 7, 68, 69, NULL, 35),
(1720, '2024-04-02', 3, 69, 70, NULL, 35),
(1721, '2024-04-03', 3, 70, 71, NULL, 35),
(1722, '2024-04-04', 2, 71, 72, NULL, 35),
(1723, '2024-04-05', 7, 72, 73, NULL, 35),
(1724, '2024-04-06', 3, 73, 74, NULL, 35),
(1725, '2024-04-07', 2, 74, 75, NULL, 35),
(1726, '2024-04-08', 1, 75, 76, NULL, 35),
(1727, '2024-04-09', 6, 76, 77, NULL, 35),
(1728, '2024-04-10', 3, 77, 78, NULL, 35),
(1729, '2024-04-11', 2, 78, 79, NULL, 35),
(1730, '2024-04-12', 3, 79, 80, NULL, 35),
(1731, '2024-04-13', 9, 80, 81, NULL, 35),
(1732, '2024-04-14', 7, 81, 82, NULL, 35),
(1733, '2024-04-15', 8, 82, 83, NULL, 35),
(1734, '2024-04-16', 3, 83, 84, NULL, 35),
(1735, '2024-04-17', 2, 84, 85, NULL, 35),
(1736, '2024-04-18', 7, 85, 86, NULL, 35),
(1737, '2024-04-19', 5, 86, 87, NULL, 35),
(1738, '2023-07-05', 9, 42, 43, NULL, 36),
(1739, '2023-07-06', 9, 43, 44, NULL, 36),
(1740, '2023-07-07', 8, 44, 45, NULL, 36),
(1741, '2023-07-08', 6, 45, 46, NULL, 36),
(1742, '2023-07-09', 9, 46, 47, NULL, 36),
(1743, '2023-07-10', 9, 47, 48, NULL, 36),
(1744, '2023-07-11', 4, 48, 49, NULL, 36),
(1745, '2023-07-12', 2, 49, 50, NULL, 36),
(1746, '2023-07-13', 8, 50, 51, NULL, 36),
(1747, '2023-07-14', 3, 51, 52, NULL, 36),
(1748, '2023-07-15', 9, 52, 53, NULL, 36),
(1749, '2023-07-16', 2, 53, 54, NULL, 36),
(1750, '2023-07-17', 7, 54, 55, NULL, 36),
(1751, '2023-07-18', 4, 55, 56, NULL, 36),
(1752, '2023-07-19', 2, 56, 57, NULL, 36),
(1753, '2023-07-20', 9, 57, 58, NULL, 36),
(1754, '2023-07-21', 2, 58, 59, NULL, 36),
(1755, '2023-07-22', 4, 59, 60, NULL, 36),
(1756, '2023-07-23', 6, 60, 61, NULL, 36),
(1757, '2023-07-24', 3, 61, 62, NULL, 36),
(1758, '2023-07-25', 5, 62, 63, NULL, 36),
(1759, '2023-07-26', 9, 63, 64, NULL, 36),
(1760, '2023-07-27', 2, 64, 65, NULL, 36),
(1761, '2023-07-28', 5, 65, 66, NULL, 36),
(1762, '2023-07-29', 3, 66, 67, NULL, 36),
(1763, '2023-07-30', 8, 67, 68, NULL, 36),
(1764, '2023-07-31', 9, 68, 69, NULL, 36),
(1765, '2023-08-01', 2, 69, 70, NULL, 36),
(1766, '2023-08-02', 2, 70, 71, NULL, 36),
(1767, '2023-08-03', 6, 71, 72, NULL, 36),
(1768, '2023-08-04', 8, 72, 73, NULL, 36),
(1769, '2023-08-05', 8, 73, 74, NULL, 36),
(1770, '2023-08-06', 6, 74, 75, NULL, 36),
(1771, '2023-08-07', 4, 75, 76, NULL, 36),
(1772, '2023-08-08', 8, 76, 77, NULL, 36),
(1773, '2023-08-09', 1, 77, 78, NULL, 36),
(1774, '2023-08-10', 9, 78, 79, NULL, 36),
(1775, '2023-08-11', 1, 79, 80, NULL, 36),
(1776, '2023-08-12', 7, 80, 81, NULL, 36),
(1777, '2023-08-13', 7, 81, 82, NULL, 36),
(1778, '2023-08-14', 7, 82, 83, NULL, 36),
(1779, '2023-08-15', 1, 83, 84, NULL, 36),
(1780, '2023-08-16', 8, 84, 85, NULL, 36),
(1781, '2023-08-17', 4, 85, 86, NULL, 36),
(1782, '2023-08-18', 2, 86, 87, NULL, 36),
(1783, '2023-08-19', 9, 87, 88, NULL, 36),
(1784, '2023-08-20', 8, 88, 89, NULL, 36),
(1785, '2023-08-21', 7, 89, 90, NULL, 36),
(1786, '2023-08-22', 9, 90, 91, NULL, 36),
(1787, '2023-08-23', 4, 91, 92, NULL, 36),
(1788, '2024-02-20', 6, 82, 83, NULL, 37),
(1789, '2024-02-21', 4, 83, 84, NULL, 37),
(1790, '2024-02-22', 7, 84, 85, NULL, 37),
(1791, '2024-02-23', 5, 85, 86, NULL, 37),
(1792, '2024-02-24', 6, 86, 87, NULL, 37),
(1793, '2024-02-25', 5, 87, 88, NULL, 37),
(1794, '2024-02-26', 1, 88, 89, NULL, 37),
(1795, '2024-02-27', 8, 89, 90, NULL, 37),
(1796, '2024-02-28', 2, 90, 91, NULL, 37),
(1797, '2024-02-29', 9, 91, 92, NULL, 37),
(1798, '2024-03-01', 4, 92, 93, NULL, 37),
(1799, '2024-03-02', 7, 93, 94, NULL, 37),
(1800, '2024-03-03', 7, 94, 95, NULL, 37),
(1801, '2024-03-04', 7, 95, 96, NULL, 37),
(1802, '2024-03-05', 3, 96, 97, NULL, 37),
(1803, '2024-03-06', 7, 97, 98, NULL, 37),
(1804, '2024-03-07', 9, 98, 99, NULL, 37),
(1805, '2024-03-08', 9, 99, 100, NULL, 37),
(1806, '2024-03-09', 3, 100, 101, NULL, 37),
(1807, '2024-03-10', 3, 101, 102, NULL, 37),
(1808, '2024-03-11', 6, 102, 103, NULL, 37),
(1809, '2024-03-12', 1, 103, 104, NULL, 37),
(1810, '2024-03-13', 7, 104, 105, NULL, 37),
(1811, '2024-03-14', 9, 105, 106, NULL, 37),
(1812, '2024-03-15', 5, 106, 107, NULL, 37),
(1813, '2024-03-16', 4, 107, 108, NULL, 37),
(1814, '2024-03-17', 6, 108, 109, NULL, 37),
(1815, '2024-03-18', 3, 109, 110, NULL, 37),
(1816, '2024-03-19', 4, 110, 111, NULL, 37),
(1817, '2024-03-20', 2, 111, 112, NULL, 37),
(1818, '2024-03-21', 3, 112, 113, NULL, 37),
(1819, '2024-03-22', 1, 113, 114, NULL, 37),
(1820, '2024-03-23', 9, 114, 115, NULL, 37),
(1821, '2024-03-24', 5, 115, 116, NULL, 37),
(1822, '2024-03-25', 6, 116, 117, NULL, 37),
(1823, '2024-03-26', 3, 117, 118, NULL, 37),
(1824, '2024-03-27', 2, 118, 119, NULL, 37),
(1825, '2024-03-28', 2, 119, 120, NULL, 37),
(1826, '2024-03-29', 7, 120, 121, NULL, 37),
(1827, '2024-03-30', 7, 121, 122, NULL, 37),
(1828, '2024-03-31', 5, 122, 123, NULL, 37),
(1829, '2024-04-01', 5, 123, 124, NULL, 37),
(1830, '2024-04-02', 6, 124, 125, NULL, 37),
(1831, '2024-04-03', 1, 125, 126, NULL, 37),
(1832, '2024-04-04', 5, 126, 127, NULL, 37),
(1833, '2024-04-05', 8, 127, 128, NULL, 37),
(1834, '2024-04-06', 8, 128, 129, NULL, 37),
(1835, '2024-04-07', 5, 129, 130, NULL, 37),
(1836, '2024-04-08', 8, 130, 131, NULL, 37),
(1837, '2024-04-09', 3, 131, 132, NULL, 37),
(1838, '2023-12-17', 5, 60, 61, NULL, 38),
(1839, '2023-12-18', 7, 61, 62, NULL, 38),
(1840, '2023-12-19', 1, 62, 63, NULL, 38),
(1841, '2023-12-20', 9, 63, 64, NULL, 38),
(1842, '2023-12-21', 4, 64, 65, NULL, 38),
(1843, '2023-12-22', 1, 65, 66, NULL, 38),
(1844, '2023-12-23', 8, 66, 67, NULL, 38),
(1845, '2023-12-24', 9, 67, 68, NULL, 38),
(1846, '2023-12-25', 4, 68, 69, NULL, 38),
(1847, '2023-12-26', 7, 69, 70, NULL, 38),
(1848, '2023-12-27', 4, 70, 71, NULL, 38),
(1849, '2023-12-28', 1, 71, 72, NULL, 38),
(1850, '2023-12-29', 7, 72, 73, NULL, 38),
(1851, '2023-12-30', 4, 73, 74, NULL, 38),
(1852, '2023-12-31', 2, 74, 75, NULL, 38),
(1853, '2024-01-01', 7, 75, 76, NULL, 38),
(1854, '2024-01-02', 9, 76, 77, NULL, 38),
(1855, '2024-01-03', 4, 77, 78, NULL, 38),
(1856, '2024-01-04', 2, 78, 79, NULL, 38),
(1857, '2024-01-05', 5, 79, 80, NULL, 38),
(1858, '2024-01-06', 8, 80, 81, NULL, 38),
(1859, '2024-01-07', 2, 81, 82, NULL, 38),
(1860, '2024-01-08', 6, 82, 83, NULL, 38),
(1861, '2024-01-09', 5, 83, 84, NULL, 38),
(1862, '2024-01-10', 4, 84, 85, NULL, 38),
(1863, '2024-01-11', 8, 85, 86, NULL, 38),
(1864, '2024-01-12', 4, 86, 87, NULL, 38),
(1865, '2024-01-13', 8, 87, 88, NULL, 38),
(1866, '2024-01-14', 1, 88, 89, NULL, 38),
(1867, '2024-01-15', 5, 89, 90, NULL, 38),
(1868, '2024-01-16', 2, 90, 91, NULL, 38),
(1869, '2024-01-17', 5, 91, 92, NULL, 38),
(1870, '2024-01-18', 1, 92, 93, NULL, 38),
(1871, '2024-01-19', 7, 93, 94, NULL, 38),
(1872, '2024-01-20', 6, 94, 95, NULL, 38),
(1873, '2024-01-21', 2, 95, 96, NULL, 38),
(1874, '2024-01-22', 4, 96, 97, NULL, 38),
(1875, '2024-01-23', 6, 97, 98, NULL, 38),
(1876, '2024-01-24', 2, 98, 99, NULL, 38),
(1877, '2024-01-25', 5, 99, 100, NULL, 38),
(1878, '2024-01-26', 9, 100, 101, NULL, 38),
(1879, '2024-01-27', 4, 101, 102, NULL, 38),
(1880, '2024-01-28', 9, 102, 103, NULL, 38),
(1881, '2024-01-29', 1, 103, 104, NULL, 38),
(1882, '2024-01-30', 1, 104, 105, NULL, 38),
(1883, '2024-01-31', 3, 105, 106, NULL, 38),
(1884, '2024-02-01', 9, 106, 107, NULL, 38),
(1885, '2024-02-02', 1, 107, 108, NULL, 38),
(1886, '2024-02-03', 7, 108, 109, NULL, 38),
(1887, '2024-02-04', 8, 109, 110, NULL, 38),
(1888, '2024-04-30', 9, 69, 70, NULL, 39),
(1889, '2024-05-01', 4, 70, 71, NULL, 39),
(1890, '2024-05-02', 9, 71, 72, NULL, 39),
(1891, '2024-05-03', 4, 72, 73, NULL, 39),
(1892, '2024-05-04', 1, 73, 74, NULL, 39),
(1893, '2024-05-05', 9, 74, 75, NULL, 39),
(1894, '2024-05-06', 4, 75, 76, NULL, 39),
(1895, '2024-05-07', 8, 76, 77, NULL, 39),
(1896, '2024-05-08', 3, 77, 78, NULL, 39),
(1897, '2024-05-09', 1, 78, 79, NULL, 39),
(1898, '2024-05-10', 3, 79, 80, NULL, 39),
(1899, '2024-05-11', 6, 80, 81, NULL, 39),
(1900, '2024-05-12', 4, 81, 82, NULL, 39),
(1901, '2024-05-13', 8, 82, 83, NULL, 39),
(1902, '2024-05-14', 7, 83, 84, NULL, 39),
(1903, '2024-05-15', 5, 84, 85, NULL, 39),
(1904, '2024-05-16', 8, 85, 86, NULL, 39),
(1905, '2024-05-17', 8, 86, 87, NULL, 39),
(1906, '2024-05-18', 9, 87, 88, NULL, 39),
(1907, '2024-05-19', 5, 88, 89, NULL, 39),
(1908, '2024-05-20', 5, 89, 90, NULL, 39),
(1909, '2024-05-21', 6, 90, 91, NULL, 39),
(1910, '2024-05-22', 4, 91, 92, NULL, 39),
(1911, '2024-05-23', 8, 92, 93, NULL, 39),
(1912, '2024-05-24', 1, 93, 94, NULL, 39),
(1913, '2024-05-25', 5, 94, 95, NULL, 39),
(1914, '2024-05-26', 1, 95, 96, NULL, 39),
(1915, '2024-05-27', 3, 96, 97, NULL, 39),
(1916, '2024-05-28', 6, 97, 98, NULL, 39),
(1917, '2024-05-29', 6, 98, 99, NULL, 39),
(1918, '2024-05-30', 1, 99, 100, NULL, 39),
(1919, '2024-05-31', 4, 100, 101, NULL, 39),
(1920, '2024-06-01', 9, 101, 102, NULL, 39),
(1921, '2024-06-02', 3, 102, 103, NULL, 39),
(1922, '2024-06-03', 6, 103, 104, NULL, 39),
(1923, '2024-06-04', 9, 104, 105, NULL, 39),
(1924, '2024-06-05', 3, 105, 106, NULL, 39),
(1925, '2024-06-06', 8, 106, 107, NULL, 39),
(1926, '2024-06-07', 2, 107, 108, NULL, 39),
(1927, '2024-06-08', 2, 108, 109, NULL, 39),
(1928, '2024-06-09', 5, 109, 110, NULL, 39),
(1929, '2024-06-10', 4, 110, 111, NULL, 39),
(1930, '2024-06-11', 3, 111, 112, NULL, 39),
(1931, '2024-06-12', 1, 112, 113, NULL, 39),
(1932, '2024-06-13', 4, 113, 114, NULL, 39),
(1933, '2024-06-14', 7, 114, 115, NULL, 39),
(1934, '2024-06-15', 4, 115, 116, NULL, 39),
(1935, '2024-06-16', 8, 116, 117, NULL, 39),
(1936, '2024-06-17', 2, 117, 118, NULL, 39),
(1937, '2024-06-18', 8, 118, 119, NULL, 39),
(1938, '2024-05-18', 2, 78, 79, NULL, 40),
(1939, '2024-05-19', 4, 79, 80, NULL, 40),
(1940, '2024-05-20', 6, 80, 81, NULL, 40),
(1941, '2024-05-21', 6, 81, 82, NULL, 40),
(1942, '2024-05-22', 9, 82, 83, NULL, 40),
(1943, '2024-05-23', 2, 83, 84, NULL, 40),
(1944, '2024-05-24', 5, 84, 85, NULL, 40),
(1945, '2024-05-25', 2, 85, 86, NULL, 40),
(1946, '2024-05-26', 9, 86, 87, NULL, 40),
(1947, '2024-05-27', 3, 87, 88, NULL, 40),
(1948, '2024-05-28', 6, 88, 89, NULL, 40),
(1949, '2024-05-29', 8, 89, 90, NULL, 40),
(1950, '2024-05-30', 3, 90, 91, NULL, 40),
(1951, '2024-05-31', 9, 91, 92, NULL, 40),
(1952, '2024-06-01', 6, 92, 93, NULL, 40),
(1953, '2024-06-02', 5, 93, 94, NULL, 40),
(1954, '2024-06-03', 4, 94, 95, NULL, 40),
(1955, '2024-06-04', 2, 95, 96, NULL, 40),
(1956, '2024-06-05', 4, 96, 97, NULL, 40),
(1957, '2024-06-06', 5, 97, 98, NULL, 40),
(1958, '2024-06-07', 7, 98, 99, NULL, 40),
(1959, '2024-06-08', 3, 99, 100, NULL, 40),
(1960, '2024-06-09', 4, 100, 101, NULL, 40),
(1961, '2024-06-10', 8, 101, 102, NULL, 40),
(1962, '2024-06-11', 5, 102, 103, NULL, 40),
(1963, '2024-06-12', 4, 103, 104, NULL, 40),
(1964, '2024-06-13', 3, 104, 105, NULL, 40),
(1965, '2024-06-14', 6, 105, 106, NULL, 40),
(1966, '2024-06-15', 8, 106, 107, NULL, 40),
(1967, '2024-06-16', 2, 107, 108, NULL, 40),
(1968, '2024-06-17', 2, 108, 109, NULL, 40),
(1969, '2024-06-18', 7, 109, 110, NULL, 40),
(1970, '2024-06-19', 1, 110, 111, NULL, 40),
(1971, '2024-06-20', 8, 111, 112, NULL, 40),
(1972, '2024-06-21', 1, 112, 113, NULL, 40),
(1973, '2024-06-22', 3, 113, 114, NULL, 40),
(1974, '2024-06-23', 4, 114, 115, NULL, 40),
(1975, '2024-06-24', 7, 115, 116, NULL, 40),
(1976, '2024-06-25', 6, 116, 117, NULL, 40),
(1977, '2024-06-26', 1, 117, 118, NULL, 40),
(1978, '2024-06-27', 5, 118, 119, NULL, 40),
(1979, '2024-06-28', 6, 119, 120, NULL, 40),
(1980, '2024-06-29', 1, 120, 121, NULL, 40),
(1981, '2024-06-30', 3, 121, 122, NULL, 40),
(1982, '2024-07-01', 3, 122, 123, NULL, 40),
(1983, '2024-07-02', 8, 123, 124, NULL, 40),
(1984, '2024-07-03', 9, 124, 125, NULL, 40),
(1985, '2024-07-04', 7, 125, 126, NULL, 40),
(1986, '2024-07-05', 8, 126, 127, NULL, 40),
(1987, '2024-07-06', 4, 127, 128, NULL, 40),
(1988, '2024-05-23', 2, 3, 4, NULL, 41),
(1989, '2024-05-24', 2, 4, 5, NULL, 41),
(1990, '2024-05-25', 4, 5, 6, NULL, 41),
(1991, '2024-05-26', 1, 6, 7, NULL, 41),
(1992, '2024-05-27', 9, 7, 8, NULL, 41),
(1993, '2024-05-28', 4, 8, 9, NULL, 41),
(1994, '2024-05-29', 2, 9, 10, NULL, 41),
(1995, '2024-05-30', 4, 10, 11, NULL, 41),
(1996, '2024-05-31', 9, 11, 12, NULL, 41),
(1997, '2024-06-01', 9, 12, 13, NULL, 41),
(1998, '2024-06-02', 8, 13, 14, NULL, 41),
(1999, '2024-06-03', 3, 14, 15, NULL, 41),
(2000, '2024-06-04', 2, 15, 16, NULL, 41),
(2001, '2024-06-05', 7, 16, 17, NULL, 41),
(2002, '2024-06-06', 7, 17, 18, NULL, 41),
(2003, '2024-06-07', 7, 18, 19, NULL, 41),
(2004, '2024-06-08', 3, 19, 20, NULL, 41),
(2005, '2024-06-09', 4, 20, 21, NULL, 41),
(2006, '2024-06-10', 3, 21, 22, NULL, 41),
(2007, '2024-06-11', 4, 22, 23, NULL, 41),
(2008, '2024-06-12', 4, 23, 24, NULL, 41),
(2009, '2024-06-13', 1, 24, 25, NULL, 41),
(2010, '2024-06-14', 9, 25, 26, NULL, 41),
(2011, '2024-06-15', 2, 26, 27, NULL, 41),
(2012, '2024-06-16', 3, 27, 28, NULL, 41),
(2013, '2024-06-17', 8, 28, 29, NULL, 41),
(2014, '2024-06-18', 2, 29, 30, NULL, 41),
(2015, '2024-06-19', 2, 30, 31, NULL, 41),
(2016, '2024-06-20', 4, 31, 32, NULL, 41),
(2017, '2024-06-21', 6, 32, 33, NULL, 41),
(2018, '2024-06-22', 3, 33, 34, NULL, 41),
(2019, '2024-06-23', 4, 34, 35, NULL, 41),
(2020, '2024-06-24', 4, 35, 36, NULL, 41),
(2021, '2024-06-25', 8, 36, 37, NULL, 41),
(2022, '2024-06-26', 4, 37, 38, NULL, 41),
(2023, '2024-06-27', 4, 38, 39, NULL, 41),
(2024, '2024-06-28', 2, 39, 40, NULL, 41),
(2025, '2024-06-29', 6, 40, 41, NULL, 41),
(2026, '2024-06-30', 2, 41, 42, NULL, 41),
(2027, '2024-07-01', 1, 42, 43, NULL, 41),
(2028, '2024-07-02', 1, 43, 44, NULL, 41),
(2029, '2024-07-03', 1, 44, 45, NULL, 41),
(2030, '2024-07-04', 9, 45, 46, NULL, 41),
(2031, '2024-07-05', 8, 46, 47, NULL, 41),
(2032, '2024-07-06', 8, 47, 48, NULL, 41),
(2033, '2024-07-07', 6, 48, 49, NULL, 41),
(2034, '2024-07-08', 7, 49, 50, NULL, 41),
(2035, '2024-07-09', 9, 50, 51, NULL, 41),
(2036, '2024-07-10', 5, 51, 52, NULL, 41),
(2037, '2024-07-11', 7, 52, 53, NULL, 41),
(2038, '2024-02-22', 1, 28, 29, NULL, 42),
(2039, '2024-02-23', 8, 29, 30, NULL, 42),
(2040, '2024-02-24', 7, 30, 31, NULL, 42),
(2041, '2024-02-25', 4, 31, 32, NULL, 42),
(2042, '2024-02-26', 1, 32, 33, NULL, 42),
(2043, '2024-02-27', 7, 33, 34, NULL, 42),
(2044, '2024-02-28', 3, 34, 35, NULL, 42),
(2045, '2024-02-29', 9, 35, 36, NULL, 42),
(2046, '2024-03-01', 7, 36, 37, NULL, 42),
(2047, '2024-03-02', 5, 37, 38, NULL, 42),
(2048, '2024-03-03', 9, 38, 39, NULL, 42),
(2049, '2024-03-04', 3, 39, 40, NULL, 42),
(2050, '2024-03-05', 3, 40, 41, NULL, 42),
(2051, '2024-03-06', 7, 41, 42, NULL, 42),
(2052, '2024-03-07', 6, 42, 43, NULL, 42),
(2053, '2024-03-08', 9, 43, 44, NULL, 42),
(2054, '2024-03-09', 3, 44, 45, NULL, 42),
(2055, '2024-03-10', 8, 45, 46, NULL, 42),
(2056, '2024-03-11', 7, 46, 47, NULL, 42),
(2057, '2024-03-12', 6, 47, 48, NULL, 42),
(2058, '2024-03-13', 2, 48, 49, NULL, 42),
(2059, '2024-03-14', 4, 49, 50, NULL, 42),
(2060, '2024-03-15', 5, 50, 51, NULL, 42),
(2061, '2024-03-16', 5, 51, 52, NULL, 42),
(2062, '2024-03-17', 8, 52, 53, NULL, 42),
(2063, '2024-03-18', 7, 53, 54, NULL, 42),
(2064, '2024-03-19', 1, 54, 55, NULL, 42),
(2065, '2024-03-20', 7, 55, 56, NULL, 42),
(2066, '2024-03-21', 6, 56, 57, NULL, 42),
(2067, '2024-03-22', 9, 57, 58, NULL, 42),
(2068, '2024-03-23', 6, 58, 59, NULL, 42),
(2069, '2024-03-24', 9, 59, 60, NULL, 42),
(2070, '2024-03-25', 7, 60, 61, NULL, 42),
(2071, '2024-03-26', 8, 61, 62, NULL, 42),
(2072, '2024-03-27', 4, 62, 63, NULL, 42),
(2073, '2024-03-28', 4, 63, 64, NULL, 42),
(2074, '2024-03-29', 3, 64, 65, NULL, 42),
(2075, '2024-03-30', 4, 65, 66, NULL, 42),
(2076, '2024-03-31', 1, 66, 67, NULL, 42),
(2077, '2024-04-01', 4, 67, 68, NULL, 42),
(2078, '2024-04-02', 7, 68, 69, NULL, 42),
(2079, '2024-04-03', 1, 69, 70, NULL, 42),
(2080, '2024-04-04', 4, 70, 71, NULL, 42),
(2081, '2024-04-05', 2, 71, 72, NULL, 42),
(2082, '2024-04-06', 8, 72, 73, NULL, 42),
(2083, '2024-04-07', 7, 73, 74, NULL, 42),
(2084, '2024-04-08', 6, 74, 75, NULL, 42),
(2085, '2024-04-09', 2, 75, 76, NULL, 42),
(2086, '2024-04-10', 8, 76, 77, NULL, 42),
(2087, '2024-04-11', 6, 77, 78, NULL, 42),
(2088, '2023-06-20', 9, 79, 80, NULL, 43),
(2089, '2023-06-21', 5, 80, 81, NULL, 43),
(2090, '2023-06-22', 1, 81, 82, NULL, 43),
(2091, '2023-06-23', 2, 82, 83, NULL, 43),
(2092, '2023-06-24', 7, 83, 84, NULL, 43),
(2093, '2023-06-25', 3, 84, 85, NULL, 43),
(2094, '2023-06-26', 8, 85, 86, NULL, 43),
(2095, '2023-06-27', 7, 86, 87, NULL, 43),
(2096, '2023-06-28', 4, 87, 88, NULL, 43),
(2097, '2023-06-29', 4, 88, 89, NULL, 43),
(2098, '2023-06-30', 8, 89, 90, NULL, 43),
(2099, '2023-07-01', 5, 90, 91, NULL, 43),
(2100, '2023-07-02', 9, 91, 92, NULL, 43),
(2101, '2023-07-03', 8, 92, 93, NULL, 43),
(2102, '2023-07-04', 5, 93, 94, NULL, 43),
(2103, '2023-07-05', 4, 94, 95, NULL, 43),
(2104, '2023-07-06', 8, 95, 96, NULL, 43),
(2105, '2023-07-07', 9, 96, 97, NULL, 43),
(2106, '2023-07-08', 1, 97, 98, NULL, 43),
(2107, '2023-07-09', 4, 98, 99, NULL, 43),
(2108, '2023-07-10', 9, 99, 100, NULL, 43),
(2109, '2023-07-11', 9, 100, 101, NULL, 43),
(2110, '2023-07-12', 5, 101, 102, NULL, 43),
(2111, '2023-07-13', 4, 102, 103, NULL, 43),
(2112, '2023-07-14', 2, 103, 104, NULL, 43),
(2113, '2023-07-15', 3, 104, 105, NULL, 43),
(2114, '2023-07-16', 8, 105, 106, NULL, 43),
(2115, '2023-07-17', 3, 106, 107, NULL, 43),
(2116, '2023-07-18', 3, 107, 108, NULL, 43),
(2117, '2023-07-19', 3, 108, 109, NULL, 43),
(2118, '2023-07-20', 4, 109, 110, NULL, 43),
(2119, '2023-07-21', 1, 110, 111, NULL, 43),
(2120, '2023-07-22', 2, 111, 112, NULL, 43),
(2121, '2023-07-23', 8, 112, 113, NULL, 43),
(2122, '2023-07-24', 2, 113, 114, NULL, 43),
(2123, '2023-07-25', 6, 114, 115, NULL, 43),
(2124, '2023-07-26', 8, 115, 116, NULL, 43),
(2125, '2023-07-27', 9, 116, 117, NULL, 43),
(2126, '2023-07-28', 1, 117, 118, NULL, 43),
(2127, '2023-07-29', 8, 118, 119, NULL, 43),
(2128, '2023-07-30', 3, 119, 120, NULL, 43),
(2129, '2023-07-31', 4, 120, 121, NULL, 43),
(2130, '2023-08-01', 7, 121, 122, NULL, 43),
(2131, '2023-08-02', 2, 122, 123, NULL, 43),
(2132, '2023-08-03', 1, 123, 124, NULL, 43),
(2133, '2023-08-04', 5, 124, 125, NULL, 43),
(2134, '2023-08-05', 5, 125, 126, NULL, 43),
(2135, '2023-08-06', 9, 126, 127, NULL, 43),
(2136, '2023-08-07', 3, 127, 128, NULL, 43),
(2137, '2023-08-08', 5, 128, 129, NULL, 43),
(2138, '2023-10-11', 1, 83, 84, NULL, 44),
(2139, '2023-10-12', 8, 84, 85, NULL, 44),
(2140, '2023-10-13', 6, 85, 86, NULL, 44),
(2141, '2023-10-14', 3, 86, 87, NULL, 44),
(2142, '2023-10-15', 1, 87, 88, NULL, 44),
(2143, '2023-10-16', 2, 88, 89, NULL, 44),
(2144, '2023-10-17', 6, 89, 90, NULL, 44),
(2145, '2023-10-18', 8, 90, 91, NULL, 44),
(2146, '2023-10-19', 8, 91, 92, NULL, 44),
(2147, '2023-10-20', 6, 92, 93, NULL, 44),
(2148, '2023-10-21', 2, 93, 94, NULL, 44),
(2149, '2023-10-22', 1, 94, 95, NULL, 44),
(2150, '2023-10-23', 8, 95, 96, NULL, 44),
(2151, '2023-10-24', 8, 96, 97, NULL, 44),
(2152, '2023-10-25', 9, 97, 98, NULL, 44),
(2153, '2023-10-26', 4, 98, 99, NULL, 44),
(2154, '2023-10-27', 7, 99, 100, NULL, 44),
(2155, '2023-10-28', 3, 100, 101, NULL, 44),
(2156, '2023-10-29', 2, 101, 102, NULL, 44),
(2157, '2023-10-30', 3, 102, 103, NULL, 44),
(2158, '2023-10-31', 6, 103, 104, NULL, 44),
(2159, '2023-11-01', 4, 104, 105, NULL, 44),
(2160, '2023-11-02', 5, 105, 106, NULL, 44),
(2161, '2023-11-03', 3, 106, 107, NULL, 44),
(2162, '2023-11-04', 8, 107, 108, NULL, 44),
(2163, '2023-11-05', 3, 108, 109, NULL, 44),
(2164, '2023-11-06', 3, 109, 110, NULL, 44),
(2165, '2023-11-07', 6, 110, 111, NULL, 44),
(2166, '2023-11-08', 6, 111, 112, NULL, 44),
(2167, '2023-11-09', 9, 112, 113, NULL, 44),
(2168, '2023-11-10', 4, 113, 114, NULL, 44),
(2169, '2023-11-11', 1, 114, 115, NULL, 44),
(2170, '2023-11-12', 5, 115, 116, NULL, 44),
(2171, '2023-11-13', 9, 116, 117, NULL, 44),
(2172, '2023-11-14', 5, 117, 118, NULL, 44),
(2173, '2023-11-15', 1, 118, 119, NULL, 44),
(2174, '2023-11-16', 9, 119, 120, NULL, 44),
(2175, '2023-11-17', 4, 120, 121, NULL, 44),
(2176, '2023-11-18', 8, 121, 122, NULL, 44),
(2177, '2023-11-19', 6, 122, 123, NULL, 44),
(2178, '2023-11-20', 5, 123, 124, NULL, 44),
(2179, '2023-11-21', 3, 124, 125, NULL, 44),
(2180, '2023-11-22', 9, 125, 126, NULL, 44),
(2181, '2023-11-23', 3, 126, 127, NULL, 44),
(2182, '2023-11-24', 6, 127, 128, NULL, 44),
(2183, '2023-11-25', 6, 128, 129, NULL, 44),
(2184, '2023-11-26', 9, 129, 130, NULL, 44),
(2185, '2023-11-27', 7, 130, 131, NULL, 44),
(2186, '2023-11-28', 7, 131, 132, NULL, 44),
(2187, '2023-11-29', 1, 132, 133, NULL, 44),
(2188, '2023-12-31', 3, 25, 26, NULL, 45),
(2189, '2024-01-01', 6, 26, 27, NULL, 45),
(2190, '2024-01-02', 8, 27, 28, NULL, 45),
(2191, '2024-01-03', 8, 28, 29, NULL, 45),
(2192, '2024-01-04', 2, 29, 30, NULL, 45),
(2193, '2024-01-05', 2, 30, 31, NULL, 45),
(2194, '2024-01-06', 4, 31, 32, NULL, 45),
(2195, '2024-01-07', 7, 32, 33, NULL, 45),
(2196, '2024-01-08', 3, 33, 34, NULL, 45),
(2197, '2024-01-09', 1, 34, 35, NULL, 45),
(2198, '2024-01-10', 9, 35, 36, NULL, 45),
(2199, '2024-01-11', 3, 36, 37, NULL, 45),
(2200, '2024-01-12', 5, 37, 38, NULL, 45),
(2201, '2024-01-13', 4, 38, 39, NULL, 45),
(2202, '2024-01-14', 8, 39, 40, NULL, 45),
(2203, '2024-01-15', 3, 40, 41, NULL, 45),
(2204, '2024-01-16', 3, 41, 42, NULL, 45),
(2205, '2024-01-17', 7, 42, 43, NULL, 45),
(2206, '2024-01-18', 3, 43, 44, NULL, 45),
(2207, '2024-01-19', 6, 44, 45, NULL, 45),
(2208, '2024-01-20', 6, 45, 46, NULL, 45),
(2209, '2024-01-21', 8, 46, 47, NULL, 45),
(2210, '2024-01-22', 4, 47, 48, NULL, 45),
(2211, '2024-01-23', 7, 48, 49, NULL, 45),
(2212, '2024-01-24', 7, 49, 50, NULL, 45),
(2213, '2024-01-25', 7, 50, 51, NULL, 45),
(2214, '2024-01-26', 2, 51, 52, NULL, 45),
(2215, '2024-01-27', 5, 52, 53, NULL, 45),
(2216, '2024-01-28', 1, 53, 54, NULL, 45),
(2217, '2024-01-29', 1, 54, 55, NULL, 45),
(2218, '2024-01-30', 9, 55, 56, NULL, 45),
(2219, '2024-01-31', 2, 56, 57, NULL, 45),
(2220, '2024-02-01', 6, 57, 58, NULL, 45),
(2221, '2024-02-02', 2, 58, 59, NULL, 45),
(2222, '2024-02-03', 7, 59, 60, NULL, 45),
(2223, '2024-02-04', 9, 60, 61, NULL, 45),
(2224, '2024-02-05', 7, 61, 62, NULL, 45),
(2225, '2024-02-06', 5, 62, 63, NULL, 45),
(2226, '2024-02-07', 7, 63, 64, NULL, 45),
(2227, '2024-02-08', 6, 64, 65, NULL, 45),
(2228, '2024-02-09', 1, 65, 66, NULL, 45),
(2229, '2024-02-10', 5, 66, 67, NULL, 45),
(2230, '2024-02-11', 1, 67, 68, NULL, 45),
(2231, '2024-02-12', 2, 68, 69, NULL, 45),
(2232, '2024-02-13', 8, 69, 70, NULL, 45),
(2233, '2024-02-14', 5, 70, 71, NULL, 45),
(2234, '2024-02-15', 7, 71, 72, NULL, 45),
(2235, '2024-02-16', 4, 72, 73, NULL, 45),
(2236, '2024-02-17', 3, 73, 74, NULL, 45),
(2237, '2024-02-18', 3, 74, 75, NULL, 45),
(2238, '2024-03-10', 4, 48, 49, NULL, 46),
(2239, '2024-03-11', 7, 49, 50, NULL, 46),
(2240, '2024-03-12', 6, 50, 51, NULL, 46),
(2241, '2024-03-13', 4, 51, 52, NULL, 46),
(2242, '2024-03-14', 2, 52, 53, NULL, 46),
(2243, '2024-03-15', 2, 53, 54, NULL, 46),
(2244, '2024-03-16', 9, 54, 55, NULL, 46),
(2245, '2024-03-17', 5, 55, 56, NULL, 46),
(2246, '2024-03-18', 1, 56, 57, NULL, 46),
(2247, '2024-03-19', 6, 57, 58, NULL, 46),
(2248, '2024-03-20', 6, 58, 59, NULL, 46),
(2249, '2024-03-21', 4, 59, 60, NULL, 46),
(2250, '2024-03-22', 1, 60, 61, NULL, 46),
(2251, '2024-03-23', 6, 61, 62, NULL, 46),
(2252, '2024-03-24', 2, 62, 63, NULL, 46),
(2253, '2024-03-25', 8, 63, 64, NULL, 46),
(2254, '2024-03-26', 7, 64, 65, NULL, 46),
(2255, '2024-03-27', 5, 65, 66, NULL, 46),
(2256, '2024-03-28', 9, 66, 67, NULL, 46),
(2257, '2024-03-29', 9, 67, 68, NULL, 46),
(2258, '2024-03-30', 8, 68, 69, NULL, 46),
(2259, '2024-03-31', 9, 69, 70, NULL, 46),
(2260, '2024-04-01', 1, 70, 71, NULL, 46),
(2261, '2024-04-02', 3, 71, 72, NULL, 46),
(2262, '2024-04-03', 9, 72, 73, NULL, 46),
(2263, '2024-04-04', 1, 73, 74, NULL, 46),
(2264, '2024-04-05', 3, 74, 75, NULL, 46),
(2265, '2024-04-06', 2, 75, 76, NULL, 46),
(2266, '2024-04-07', 3, 76, 77, NULL, 46),
(2267, '2024-04-08', 4, 77, 78, NULL, 46),
(2268, '2024-04-09', 9, 78, 79, NULL, 46),
(2269, '2024-04-10', 2, 79, 80, NULL, 46),
(2270, '2024-04-11', 4, 80, 81, NULL, 46),
(2271, '2024-04-12', 6, 81, 82, NULL, 46),
(2272, '2024-04-13', 1, 82, 83, NULL, 46),
(2273, '2024-04-14', 6, 83, 84, NULL, 46),
(2274, '2024-04-15', 3, 84, 85, NULL, 46),
(2275, '2024-04-16', 6, 85, 86, NULL, 46),
(2276, '2024-04-17', 7, 86, 87, NULL, 46),
(2277, '2024-04-18', 1, 87, 88, NULL, 46),
(2278, '2024-04-19', 2, 88, 89, NULL, 46),
(2279, '2024-04-20', 7, 89, 90, NULL, 46),
(2280, '2024-04-21', 6, 90, 91, NULL, 46),
(2281, '2024-04-22', 4, 91, 92, NULL, 46),
(2282, '2024-04-23', 7, 92, 93, NULL, 46),
(2283, '2024-04-24', 2, 93, 94, NULL, 46),
(2284, '2024-04-25', 6, 94, 95, NULL, 46),
(2285, '2024-04-26', 8, 95, 96, NULL, 46),
(2286, '2024-04-27', 8, 96, 97, NULL, 46),
(2287, '2024-04-28', 1, 97, 98, NULL, 46),
(2288, '2024-02-24', 9, 50, 51, NULL, 47),
(2289, '2024-02-25', 8, 51, 52, NULL, 47),
(2290, '2024-02-26', 4, 52, 53, NULL, 47),
(2291, '2024-02-27', 6, 53, 54, NULL, 47),
(2292, '2024-02-28', 8, 54, 55, NULL, 47),
(2293, '2024-02-29', 4, 55, 56, NULL, 47),
(2294, '2024-03-01', 4, 56, 57, NULL, 47),
(2295, '2024-03-02', 9, 57, 58, NULL, 47),
(2296, '2024-03-03', 2, 58, 59, NULL, 47),
(2297, '2024-03-04', 4, 59, 60, NULL, 47),
(2298, '2024-03-05', 4, 60, 61, NULL, 47),
(2299, '2024-03-06', 2, 61, 62, NULL, 47),
(2300, '2024-03-07', 8, 62, 63, NULL, 47),
(2301, '2024-03-08', 9, 63, 64, NULL, 47),
(2302, '2024-03-09', 8, 64, 65, NULL, 47),
(2303, '2024-03-10', 6, 65, 66, NULL, 47),
(2304, '2024-03-11', 2, 66, 67, NULL, 47),
(2305, '2024-03-12', 8, 67, 68, NULL, 47),
(2306, '2024-03-13', 9, 68, 69, NULL, 47),
(2307, '2024-03-14', 8, 69, 70, NULL, 47),
(2308, '2024-03-15', 4, 70, 71, NULL, 47),
(2309, '2024-03-16', 8, 71, 72, NULL, 47),
(2310, '2024-03-17', 6, 72, 73, NULL, 47),
(2311, '2024-03-18', 3, 73, 74, NULL, 47),
(2312, '2024-03-19', 7, 74, 75, NULL, 47),
(2313, '2024-03-20', 6, 75, 76, NULL, 47),
(2314, '2024-03-21', 9, 76, 77, NULL, 47),
(2315, '2024-03-22', 7, 77, 78, NULL, 47),
(2316, '2024-03-23', 5, 78, 79, NULL, 47),
(2317, '2024-03-24', 5, 79, 80, NULL, 47),
(2318, '2024-03-25', 4, 80, 81, NULL, 47),
(2319, '2024-03-26', 7, 81, 82, NULL, 47),
(2320, '2024-03-27', 1, 82, 83, NULL, 47),
(2321, '2024-03-28', 8, 83, 84, NULL, 47),
(2322, '2024-03-29', 8, 84, 85, NULL, 47),
(2323, '2024-03-30', 8, 85, 86, NULL, 47),
(2324, '2024-03-31', 7, 86, 87, NULL, 47),
(2325, '2024-04-01', 9, 87, 88, NULL, 47),
(2326, '2024-04-02', 8, 88, 89, NULL, 47),
(2327, '2024-04-03', 7, 89, 90, NULL, 47),
(2328, '2024-04-04', 1, 90, 91, NULL, 47),
(2329, '2024-04-05', 4, 91, 92, NULL, 47),
(2330, '2024-04-06', 8, 92, 93, NULL, 47),
(2331, '2024-04-07', 8, 93, 94, NULL, 47),
(2332, '2024-04-08', 9, 94, 95, NULL, 47),
(2333, '2024-04-09', 9, 95, 96, NULL, 47),
(2334, '2024-04-10', 2, 96, 97, NULL, 47),
(2335, '2024-04-11', 1, 97, 98, NULL, 47),
(2336, '2024-04-12', 3, 98, 99, NULL, 47),
(2337, '2024-04-13', 1, 99, 100, NULL, 47),
(2338, '2024-05-20', 7, 50, 51, NULL, 48),
(2339, '2024-05-21', 3, 51, 52, NULL, 48),
(2340, '2024-05-22', 7, 52, 53, NULL, 48),
(2341, '2024-05-23', 7, 53, 54, NULL, 48),
(2342, '2024-05-24', 3, 54, 55, NULL, 48),
(2343, '2024-05-25', 1, 55, 56, NULL, 48),
(2344, '2024-05-26', 1, 56, 57, NULL, 48),
(2345, '2024-05-27', 8, 57, 58, NULL, 48),
(2346, '2024-05-28', 4, 58, 59, NULL, 48),
(2347, '2024-05-29', 8, 59, 60, NULL, 48),
(2348, '2024-05-30', 8, 60, 61, NULL, 48),
(2349, '2024-05-31', 8, 61, 62, NULL, 48),
(2350, '2024-06-01', 8, 62, 63, NULL, 48),
(2351, '2024-06-02', 3, 63, 64, NULL, 48),
(2352, '2024-06-03', 1, 64, 65, NULL, 48),
(2353, '2024-06-04', 2, 65, 66, NULL, 48),
(2354, '2024-06-05', 3, 66, 67, NULL, 48),
(2355, '2024-06-06', 2, 67, 68, NULL, 48),
(2356, '2024-06-07', 6, 68, 69, NULL, 48),
(2357, '2024-06-08', 5, 69, 70, NULL, 48),
(2358, '2024-06-09', 6, 70, 71, NULL, 48),
(2359, '2024-06-10', 7, 71, 72, NULL, 48),
(2360, '2024-06-11', 4, 72, 73, NULL, 48),
(2361, '2024-06-12', 2, 73, 74, NULL, 48),
(2362, '2024-06-13', 9, 74, 75, NULL, 48),
(2363, '2024-06-14', 2, 75, 76, NULL, 48),
(2364, '2024-06-15', 8, 76, 77, NULL, 48),
(2365, '2024-06-16', 1, 77, 78, NULL, 48),
(2366, '2024-06-17', 7, 78, 79, NULL, 48),
(2367, '2024-06-18', 3, 79, 80, NULL, 48),
(2368, '2024-06-19', 8, 80, 81, NULL, 48),
(2369, '2024-06-20', 2, 81, 82, NULL, 48),
(2370, '2024-06-21', 4, 82, 83, NULL, 48),
(2371, '2024-06-22', 8, 83, 84, NULL, 48),
(2372, '2024-06-23', 9, 84, 85, NULL, 48),
(2373, '2024-06-24', 5, 85, 86, NULL, 48),
(2374, '2024-06-25', 7, 86, 87, NULL, 48),
(2375, '2024-06-26', 8, 87, 88, NULL, 48),
(2376, '2024-06-27', 3, 88, 89, NULL, 48),
(2377, '2024-06-28', 1, 89, 90, NULL, 48),
(2378, '2024-06-29', 1, 90, 91, NULL, 48),
(2379, '2024-06-30', 6, 91, 92, NULL, 48),
(2380, '2024-07-01', 7, 92, 93, NULL, 48),
(2381, '2024-07-02', 8, 93, 94, NULL, 48),
(2382, '2024-07-03', 4, 94, 95, NULL, 48),
(2383, '2024-07-04', 6, 95, 96, NULL, 48),
(2384, '2024-07-05', 9, 96, 97, NULL, 48),
(2385, '2024-07-06', 8, 97, 98, NULL, 48),
(2386, '2024-07-07', 6, 98, 99, NULL, 48),
(2387, '2024-07-08', 4, 99, 100, NULL, 48),
(2388, '2023-08-10', 9, 18, 19, NULL, 49),
(2389, '2023-08-11', 9, 19, 20, NULL, 49),
(2390, '2023-08-12', 6, 20, 21, NULL, 49),
(2391, '2023-08-13', 7, 21, 22, NULL, 49),
(2392, '2023-08-14', 7, 22, 23, NULL, 49),
(2393, '2023-08-15', 4, 23, 24, NULL, 49),
(2394, '2023-08-16', 8, 24, 25, NULL, 49),
(2395, '2023-08-17', 9, 25, 26, NULL, 49),
(2396, '2023-08-18', 6, 26, 27, NULL, 49),
(2397, '2023-08-19', 9, 27, 28, NULL, 49),
(2398, '2023-08-20', 8, 28, 29, NULL, 49),
(2399, '2023-08-21', 7, 29, 30, NULL, 49),
(2400, '2023-08-22', 3, 30, 31, NULL, 49),
(2401, '2023-08-23', 7, 31, 32, NULL, 49),
(2402, '2023-08-24', 5, 32, 33, NULL, 49),
(2403, '2023-08-25', 3, 33, 34, NULL, 49),
(2404, '2023-08-26', 4, 34, 35, NULL, 49),
(2405, '2023-08-27', 3, 35, 36, NULL, 49),
(2406, '2023-08-28', 7, 36, 37, NULL, 49),
(2407, '2023-08-29', 7, 37, 38, NULL, 49),
(2408, '2023-08-30', 8, 38, 39, NULL, 49),
(2409, '2023-08-31', 3, 39, 40, NULL, 49),
(2410, '2023-09-01', 9, 40, 41, NULL, 49),
(2411, '2023-09-02', 8, 41, 42, NULL, 49),
(2412, '2023-09-03', 6, 42, 43, NULL, 49),
(2413, '2023-09-04', 2, 43, 44, NULL, 49),
(2414, '2023-09-05', 2, 44, 45, NULL, 49),
(2415, '2023-09-06', 2, 45, 46, NULL, 49),
(2416, '2023-09-07', 5, 46, 47, NULL, 49),
(2417, '2023-09-08', 5, 47, 48, NULL, 49),
(2418, '2023-09-09', 9, 48, 49, NULL, 49),
(2419, '2023-09-10', 9, 49, 50, NULL, 49),
(2420, '2023-09-11', 1, 50, 51, NULL, 49),
(2421, '2023-09-12', 4, 51, 52, NULL, 49),
(2422, '2023-09-13', 8, 52, 53, NULL, 49),
(2423, '2023-09-14', 1, 53, 54, NULL, 49),
(2424, '2023-09-15', 8, 54, 55, NULL, 49),
(2425, '2023-09-16', 7, 55, 56, NULL, 49),
(2426, '2023-09-17', 6, 56, 57, NULL, 49),
(2427, '2023-09-18', 4, 57, 58, NULL, 49),
(2428, '2023-09-19', 3, 58, 59, NULL, 49),
(2429, '2023-09-20', 3, 59, 60, NULL, 49),
(2430, '2023-09-21', 5, 60, 61, NULL, 49),
(2431, '2023-09-22', 2, 61, 62, NULL, 49),
(2432, '2023-09-23', 9, 62, 63, NULL, 49),
(2433, '2023-09-24', 8, 63, 64, NULL, 49),
(2434, '2023-09-25', 2, 64, 65, NULL, 49),
(2435, '2023-09-26', 2, 65, 66, NULL, 49),
(2436, '2023-09-27', 4, 66, 67, NULL, 49),
(2437, '2023-09-28', 5, 67, 68, NULL, 49),
(2438, '2023-10-04', 5, 74, 75, NULL, 50),
(2439, '2023-10-05', 7, 75, 76, NULL, 50),
(2440, '2023-10-06', 7, 76, 77, NULL, 50),
(2441, '2023-10-07', 3, 77, 78, NULL, 50),
(2442, '2023-10-08', 7, 78, 79, NULL, 50),
(2443, '2023-10-09', 1, 79, 80, NULL, 50),
(2444, '2023-10-10', 8, 80, 81, NULL, 50),
(2445, '2023-10-11', 9, 81, 82, NULL, 50),
(2446, '2023-10-12', 6, 82, 83, NULL, 50),
(2447, '2023-10-13', 7, 83, 84, NULL, 50),
(2448, '2023-10-14', 8, 84, 85, NULL, 50),
(2449, '2023-10-15', 5, 85, 86, NULL, 50),
(2450, '2023-10-16', 7, 86, 87, NULL, 50),
(2451, '2023-10-17', 3, 87, 88, NULL, 50),
(2452, '2023-10-18', 7, 88, 89, NULL, 50),
(2453, '2023-10-19', 1, 89, 90, NULL, 50),
(2454, '2023-10-20', 4, 90, 91, NULL, 50),
(2455, '2023-10-21', 8, 91, 92, NULL, 50),
(2456, '2023-10-22', 9, 92, 93, NULL, 50),
(2457, '2023-10-23', 3, 93, 94, NULL, 50),
(2458, '2023-10-24', 6, 94, 95, NULL, 50);
INSERT INTO `etape` (`id_etape`, `date_etape`, `quantite_etape`, `fk_gite_quitter`, `fk_gite_rejoindre`, `fk_tournee`, `fk_client`) VALUES
(2459, '2023-10-25', 2, 95, 96, NULL, 50),
(2460, '2023-10-26', 4, 96, 97, NULL, 50),
(2461, '2023-10-27', 2, 97, 98, NULL, 50),
(2462, '2023-10-28', 5, 98, 99, NULL, 50),
(2463, '2023-10-29', 5, 99, 100, NULL, 50),
(2464, '2023-10-30', 7, 100, 101, NULL, 50),
(2465, '2023-10-31', 9, 101, 102, NULL, 50),
(2466, '2023-11-01', 9, 102, 103, NULL, 50),
(2467, '2023-11-02', 7, 103, 104, NULL, 50),
(2468, '2023-11-03', 5, 104, 105, NULL, 50),
(2469, '2023-11-04', 1, 105, 106, NULL, 50),
(2470, '2023-11-05', 3, 106, 107, NULL, 50),
(2471, '2023-11-06', 7, 107, 108, NULL, 50),
(2472, '2023-11-07', 4, 108, 109, NULL, 50),
(2473, '2023-11-08', 4, 109, 110, NULL, 50),
(2474, '2023-11-09', 5, 110, 111, NULL, 50),
(2475, '2023-11-10', 3, 111, 112, NULL, 50),
(2476, '2023-11-11', 5, 112, 113, NULL, 50),
(2477, '2023-11-12', 6, 113, 114, NULL, 50),
(2478, '2023-11-13', 5, 114, 115, NULL, 50),
(2479, '2023-11-14', 6, 115, 116, NULL, 50),
(2480, '2023-11-15', 5, 116, 117, NULL, 50),
(2481, '2023-11-16', 9, 117, 118, NULL, 50),
(2482, '2023-11-17', 4, 118, 119, NULL, 50),
(2483, '2023-11-18', 3, 119, 120, NULL, 50),
(2484, '2023-11-19', 2, 120, 121, NULL, 50),
(2485, '2023-11-20', 4, 121, 122, NULL, 50),
(2486, '2023-11-21', 5, 122, 123, NULL, 50),
(2487, '2023-11-22', 6, 123, 124, NULL, 50),
(2488, '2023-12-16', 1, 33, 34, NULL, 51),
(2489, '2023-12-17', 3, 34, 35, NULL, 51),
(2490, '2023-12-18', 6, 35, 36, NULL, 51),
(2491, '2023-12-19', 6, 36, 37, NULL, 51),
(2492, '2023-12-20', 8, 37, 38, NULL, 51),
(2493, '2023-12-21', 7, 38, 39, NULL, 51),
(2494, '2023-12-22', 5, 39, 40, NULL, 51),
(2495, '2023-12-23', 7, 40, 41, NULL, 51),
(2496, '2023-12-24', 7, 41, 42, NULL, 51),
(2497, '2023-12-25', 9, 42, 43, NULL, 51),
(2498, '2023-12-26', 4, 43, 44, NULL, 51),
(2499, '2023-12-27', 6, 44, 45, NULL, 51),
(2500, '2023-12-28', 2, 45, 46, NULL, 51),
(2501, '2023-12-29', 2, 46, 47, NULL, 51),
(2502, '2023-12-30', 2, 47, 48, NULL, 51),
(2503, '2023-12-31', 3, 48, 49, NULL, 51),
(2504, '2024-01-01', 4, 49, 50, NULL, 51),
(2505, '2024-01-02', 4, 50, 51, NULL, 51),
(2506, '2024-01-03', 5, 51, 52, NULL, 51),
(2507, '2024-01-04', 5, 52, 53, NULL, 51),
(2508, '2024-01-05', 6, 53, 54, NULL, 51),
(2509, '2024-01-06', 5, 54, 55, NULL, 51),
(2510, '2024-01-07', 1, 55, 56, NULL, 51),
(2511, '2024-01-08', 4, 56, 57, NULL, 51),
(2512, '2024-01-09', 8, 57, 58, NULL, 51),
(2513, '2024-01-10', 3, 58, 59, NULL, 51),
(2514, '2024-01-11', 1, 59, 60, NULL, 51),
(2515, '2024-01-12', 1, 60, 61, NULL, 51),
(2516, '2024-01-13', 6, 61, 62, NULL, 51),
(2517, '2024-01-14', 1, 62, 63, NULL, 51),
(2518, '2024-01-15', 5, 63, 64, NULL, 51),
(2519, '2024-01-16', 3, 64, 65, NULL, 51),
(2520, '2024-01-17', 9, 65, 66, NULL, 51),
(2521, '2024-01-18', 5, 66, 67, NULL, 51),
(2522, '2024-01-19', 8, 67, 68, NULL, 51),
(2523, '2024-01-20', 9, 68, 69, NULL, 51),
(2524, '2024-01-21', 2, 69, 70, NULL, 51),
(2525, '2024-01-22', 2, 70, 71, NULL, 51),
(2526, '2024-01-23', 8, 71, 72, NULL, 51),
(2527, '2024-01-24', 9, 72, 73, NULL, 51),
(2528, '2024-01-25', 7, 73, 74, NULL, 51),
(2529, '2024-01-26', 4, 74, 75, NULL, 51),
(2530, '2024-01-27', 4, 75, 76, NULL, 51),
(2531, '2024-01-28', 1, 76, 77, NULL, 51),
(2532, '2024-01-29', 9, 77, 78, NULL, 51),
(2533, '2024-01-30', 6, 78, 79, NULL, 51),
(2534, '2024-01-31', 4, 79, 80, NULL, 51),
(2535, '2024-02-01', 9, 80, 81, NULL, 51),
(2536, '2024-02-02', 7, 81, 82, NULL, 51),
(2537, '2024-02-03', 2, 82, 83, NULL, 51),
(2538, '2024-06-07', 5, 17, 18, NULL, 52),
(2539, '2024-06-08', 5, 18, 19, NULL, 52),
(2540, '2024-06-09', 1, 19, 20, NULL, 52),
(2541, '2024-06-10', 5, 20, 21, NULL, 52),
(2542, '2024-06-11', 2, 21, 22, NULL, 52),
(2543, '2024-06-12', 7, 22, 23, NULL, 52),
(2544, '2024-06-13', 8, 23, 24, NULL, 52),
(2545, '2024-06-14', 2, 24, 25, NULL, 52),
(2546, '2024-06-15', 5, 25, 26, NULL, 52),
(2547, '2024-06-16', 8, 26, 27, NULL, 52),
(2548, '2024-06-17', 8, 27, 28, NULL, 52),
(2549, '2024-06-18', 4, 28, 29, NULL, 52),
(2550, '2024-06-19', 2, 29, 30, NULL, 52),
(2551, '2024-06-20', 4, 30, 31, NULL, 52),
(2552, '2024-06-21', 8, 31, 32, NULL, 52),
(2553, '2024-06-22', 1, 32, 33, NULL, 52),
(2554, '2024-06-23', 6, 33, 34, NULL, 52),
(2555, '2024-06-24', 3, 34, 35, NULL, 52),
(2556, '2024-06-25', 7, 35, 36, NULL, 52),
(2557, '2024-06-26', 3, 36, 37, NULL, 52),
(2558, '2024-06-27', 8, 37, 38, NULL, 52),
(2559, '2024-06-28', 2, 38, 39, NULL, 52),
(2560, '2024-06-29', 4, 39, 40, NULL, 52),
(2561, '2024-06-30', 7, 40, 41, NULL, 52),
(2562, '2024-07-01', 5, 41, 42, NULL, 52),
(2563, '2024-07-02', 9, 42, 43, NULL, 52),
(2564, '2024-07-03', 3, 43, 44, NULL, 52),
(2565, '2024-07-04', 8, 44, 45, NULL, 52),
(2566, '2024-07-05', 5, 45, 46, NULL, 52),
(2567, '2024-07-06', 3, 46, 47, NULL, 52),
(2568, '2024-07-07', 2, 47, 48, NULL, 52),
(2569, '2024-07-08', 6, 48, 49, NULL, 52),
(2570, '2024-07-09', 2, 49, 50, NULL, 52),
(2571, '2024-07-10', 5, 50, 51, NULL, 52),
(2572, '2024-07-11', 8, 51, 52, NULL, 52),
(2573, '2024-07-12', 4, 52, 53, NULL, 52),
(2574, '2024-07-13', 6, 53, 54, NULL, 52),
(2575, '2024-07-14', 6, 54, 55, NULL, 52),
(2576, '2024-07-15', 7, 55, 56, NULL, 52),
(2577, '2024-07-16', 5, 56, 57, NULL, 52),
(2578, '2024-07-17', 4, 57, 58, NULL, 52),
(2579, '2024-07-18', 3, 58, 59, NULL, 52),
(2580, '2024-07-19', 8, 59, 60, NULL, 52),
(2581, '2024-07-20', 4, 60, 61, NULL, 52),
(2582, '2024-07-21', 9, 61, 62, NULL, 52),
(2583, '2024-07-22', 8, 62, 63, NULL, 52),
(2584, '2024-07-23', 3, 63, 64, NULL, 52),
(2585, '2024-07-24', 9, 64, 65, NULL, 52),
(2586, '2024-07-25', 7, 65, 66, NULL, 52),
(2587, '2024-07-26', 6, 66, 67, NULL, 52),
(2588, '2023-08-05', 2, 47, 48, NULL, 53),
(2589, '2023-08-06', 6, 48, 49, NULL, 53),
(2590, '2023-08-07', 1, 49, 50, NULL, 53),
(2591, '2023-08-08', 5, 50, 51, NULL, 53),
(2592, '2023-08-09', 6, 51, 52, NULL, 53),
(2593, '2023-08-10', 4, 52, 53, NULL, 53),
(2594, '2023-08-11', 2, 53, 54, NULL, 53),
(2595, '2023-08-12', 5, 54, 55, NULL, 53),
(2596, '2023-08-13', 4, 55, 56, NULL, 53),
(2597, '2023-08-14', 2, 56, 57, NULL, 53),
(2598, '2023-08-15', 3, 57, 58, NULL, 53),
(2599, '2023-08-16', 2, 58, 59, NULL, 53),
(2600, '2023-08-17', 4, 59, 60, NULL, 53),
(2601, '2023-08-18', 1, 60, 61, NULL, 53),
(2602, '2023-08-19', 2, 61, 62, NULL, 53),
(2603, '2023-08-20', 4, 62, 63, NULL, 53),
(2604, '2023-08-21', 8, 63, 64, NULL, 53),
(2605, '2023-08-22', 7, 64, 65, NULL, 53),
(2606, '2023-08-23', 1, 65, 66, NULL, 53),
(2607, '2023-08-24', 5, 66, 67, NULL, 53),
(2608, '2023-08-25', 4, 67, 68, NULL, 53),
(2609, '2023-08-26', 3, 68, 69, NULL, 53),
(2610, '2023-08-27', 8, 69, 70, NULL, 53),
(2611, '2023-08-28', 8, 70, 71, NULL, 53),
(2612, '2023-08-29', 9, 71, 72, NULL, 53),
(2613, '2023-08-30', 2, 72, 73, NULL, 53),
(2614, '2023-08-31', 5, 73, 74, NULL, 53),
(2615, '2023-09-01', 1, 74, 75, NULL, 53),
(2616, '2023-09-02', 9, 75, 76, NULL, 53),
(2617, '2023-09-03', 8, 76, 77, NULL, 53),
(2618, '2023-09-04', 8, 77, 78, NULL, 53),
(2619, '2023-09-05', 2, 78, 79, NULL, 53),
(2620, '2023-09-06', 1, 79, 80, NULL, 53),
(2621, '2023-09-07', 8, 80, 81, NULL, 53),
(2622, '2023-09-08', 6, 81, 82, NULL, 53),
(2623, '2023-09-09', 8, 82, 83, NULL, 53),
(2624, '2023-09-10', 6, 83, 84, NULL, 53),
(2625, '2023-09-11', 8, 84, 85, NULL, 53),
(2626, '2023-09-12', 2, 85, 86, NULL, 53),
(2627, '2023-09-13', 1, 86, 87, NULL, 53),
(2628, '2023-09-14', 8, 87, 88, NULL, 53),
(2629, '2023-09-15', 7, 88, 89, NULL, 53),
(2630, '2023-09-16', 8, 89, 90, NULL, 53),
(2631, '2023-09-17', 2, 90, 91, NULL, 53),
(2632, '2023-09-18', 1, 91, 92, NULL, 53),
(2633, '2023-09-19', 1, 92, 93, NULL, 53),
(2634, '2023-09-20', 3, 93, 94, NULL, 53),
(2635, '2023-09-21', 7, 94, 95, NULL, 53),
(2636, '2023-09-22', 4, 95, 96, NULL, 53),
(2637, '2023-09-23', 5, 96, 97, NULL, 53);

-- --------------------------------------------------------

--
-- Structure de la table `gite`
--

CREATE TABLE `gite` (
  `id_gite` bigint(20) NOT NULL,
  `nom_gite` text DEFAULT NULL,
  `rue_gite` text DEFAULT NULL,
  `codepostal_gite` text DEFAULT NULL,
  `ville_gite` text DEFAULT NULL,
  `longitude_gite` float DEFAULT NULL,
  `latitude_gite` float DEFAULT NULL
) ENGINE=InnoDB DEFAULT CHARSET=latin1 COLLATE=latin1_swedish_ci;

--
-- Déchargement des données de la table `gite`
--

INSERT INTO `gite` (`id_gite`, `nom_gite`, `rue_gite`, `codepostal_gite`, `ville_gite`, `longitude_gite`, `latitude_gite`) VALUES
(1, 'ipsum', '601 Gaetano Cove Suite 401', '37760-0312', 'Sylvanshire', 87.6495, -70.5976),
(2, 'voluptas', '46976 Emilia Vista Apt. 186', '19639-4064', 'New Percivalstad', 46.2479, -31.713),
(3, 'corrupti', '5055 Camila Lane Suite 676', '49601', 'East Pollyberg', 6.40674, 84.8852),
(4, 'praesentium', '500 Montana Freeway', '21298-4903', 'Terryville', 112.207, -57.9009),
(5, 'possimus', '95254 Magali Mills Suite 299', '13301-0772', 'Swaniawskishire', 116.534, -88.146),
(6, 'et', '2548 Constantin Light', '97961-2450', 'South Maciemouth', -28.3924, -75.2447),
(7, 'sapiente', '1137 Mathew Ford', '69309-2440', 'Weberburgh', -8.67153, -35.3856),
(8, 'laudantium', '7414 Retta Isle Apt. 455', '50602', 'Melliemouth', 160.136, 34.1178),
(9, 'consequatur', '32085 Stark Pines', '55784', 'Port Keenanstad', 66.1619, -87.1111),
(10, 'consequuntur', '3344 Kiehn Orchard', '36379-1142', 'Harberchester', 137.642, -19.2244),
(11, 'et', '35899 Funk Alley', '61246', 'Handchester', 174.92, 86.3244),
(12, 'aliquam', '9665 Addison Port Suite 751', '76178-2212', 'Sethport', -49.0371, 67.5069),
(13, 'eum', '2956 Adelia Ranch Suite 515', '89622', 'Hollismouth', 126.48, 35.5022),
(14, 'earum', '418 Gladyce Forest', '30544-7726', 'Port Josh', 55.6397, 22.7546),
(15, 'dolorem', '159 Crona Garden', '37009-6909', 'Weimannview', -88.5144, 80.7478),
(16, 'incidunt', '5297 Precious Wall Suite 430', '64373', 'Talonhaven', 110.429, 84.9291),
(17, 'illum', '124 Hodkiewicz Springs Suite 466', '26396', 'Kesslerhaven', 74.4306, -7.5054),
(18, 'est', '358 Jasen Park', '73568-1993', 'Port Kenneth', 75.5821, -31.9348),
(19, 'vero', '371 Logan Spur Apt. 835', '33170', 'New Ricky', -54.8497, -66.7515),
(20, 'ut', '703 Huel Haven Suite 177', '79196-5087', 'Clementbury', 65.7536, -88.8604),
(21, 'rerum', '909 Greenholt River', '29337', 'North Jarenshire', -28.6729, 72.5233),
(22, 'quo', '638 Leuschke Ford Apt. 479', '62808', 'Darrenmouth', -30.3996, -67.7602),
(23, 'a', '881 Effie Harbors', '38071', 'Kieraland', 124.537, -67.4414),
(24, 'mollitia', '4822 Purdy Road', '74878-4014', 'North Juliemouth', -129.902, -67.6061),
(25, 'natus', '8431 Hickle Crescent', '39287', 'Eichmannfurt', -10.4193, 63.7611),
(26, 'suscipit', '64510 Annabelle Mews Suite 325', '59485-8907', 'Bruenfort', 66.0829, -78.3314),
(27, 'nam', '4995 Myrtie Ramp', '38161-0250', 'Felicitaburgh', -95.7105, -75.6767),
(28, 'quaerat', '52321 Gordon Ramp Apt. 002', '39888-3541', 'New Kelsi', 50.9823, -44.8393),
(29, 'debitis', '3644 Norene Mission', '96236', 'East Elisehaven', 159.66, -44.8813),
(30, 'numquam', '2424 Tania Forks', '57450', 'Nellafurt', -105.583, -39.1687),
(31, 'sapiente', '60838 Larkin Roads', '65961', 'Schimmelhaven', 103.142, 11.4953),
(32, 'ut', '148 Gorczany Walk Apt. 243', '91101-9768', 'O\'Connellborough', -89.0584, -68.5619),
(33, 'eum', '99933 Krajcik Throughway', '28184', 'Howetown', 52.4251, -36.8557),
(34, 'ad', '31716 Patricia Pines', '63089', 'South Jermainefort', -26.5577, -65.3579),
(35, 'vitae', '269 Golda Crossing', '77808', 'Akeemfort', 21.5542, -5.11583),
(36, 'sed', '2441 Triston Pines Suite 215', '43942', 'Lake Emeliatown', 179.346, 54.1343),
(37, 'voluptatem', '675 Schiller Square', '23487-5016', 'Noreneport', 142.194, 48.5478),
(38, 'voluptate', '861 Derrick Squares Suite 717', '69392', 'West Chesterberg', -161.957, 7.4671),
(39, 'deserunt', '59715 Pacocha Mountain', '18476-8359', 'Lake Aiden', 26.2982, -19.2594),
(40, 'at', '192 Guadalupe Plaza Apt. 201', '87155', 'Kirlinborough', 163.999, -23.4626),
(41, 'eum', '1294 Dare Plains Suite 785', '43348', 'Klingview', -146.284, -18.9689),
(42, 'sequi', '6492 Feeney Club Suite 052', '70694-8908', 'North Hillaryside', -105.283, -41.6555),
(43, 'quidem', '340 Boehm Fields', '85108', 'North Hesterchester', -83.2797, 39.4937),
(44, 'repudiandae', '34382 Homenick Ville', '21565', 'Laronmouth', -138.259, -67.1745),
(45, 'et', '436 Mante Point', '12308-9983', 'West Gwenfort', -121.748, 47.01),
(46, 'dolorem', '545 Nicole Island', '85347-4100', 'South Eleazar', 171.08, 72.0021),
(47, 'rerum', '98605 Afton Center', '41031', 'Keelyshire', 12.2835, -45.6253),
(48, 'sit', '43012 Deckow Plains', '32457', 'East Vladimirton', -2.76071, -44.0862),
(49, 'qui', '4618 Daphnee Spur', '81746', 'Port Kevenchester', 118.342, 9.29628),
(50, 'officia', '73111 Crooks Walks', '44111', 'Hermistonberg', -129.699, -76.3958),
(51, 'dolores', '8370 Hintz Locks Suite 462', '78307-3513', 'Gusikowskistad', -19.5053, 34.3636),
(52, 'quia', '7395 Bernhard Well', '91578-5094', 'Bahringerchester', 118.837, -68.1497),
(53, 'placeat', '6672 Ola Lake', '18020', 'New Marceloville', -2.79315, -11.378),
(54, 'nostrum', '835 Angeline Point', '28766-0197', 'Alexaside', -101.951, -17.3367),
(55, 'atque', '26167 Julio Landing', '22453', 'Port Augustus', -2.77926, 38.6049),
(56, 'at', '516 Zelma Forge', '89263', 'Tyreseshire', -102.863, -50.923),
(57, 'ipsam', '986 Kris Mountains', '33875-1216', 'Cartertown', -29.9738, -67.3588),
(58, 'non', '22204 Mylene Route', '22597', 'South Kamren', -138.737, -40.2886),
(59, 'adipisci', '475 Rene Isle', '71166-3719', 'East Jordynmouth', -35.7009, -69.3331),
(60, 'qui', '433 Schmitt Ville', '12777-2943', 'West Damaris', -157.031, 18.9984),
(61, 'id', '36182 Heather Avenue', '09199', 'Port Lennie', -59.8874, -15.3264),
(62, 'id', '56309 Sauer Brooks', '61994-1466', 'New Alvis', -56.534, -53.3338),
(63, 'voluptate', '547 Charley Expressway', '71431', 'Dinofurt', 17.1635, -35.5883),
(64, 'eveniet', '337 America Inlet Suite 357', '55702-1517', 'West Hayleebury', -2.80998, 82.4466),
(65, 'eaque', '934 Feeney Parkway Apt. 907', '55270', 'Lake Olen', 5.00289, -70.4028),
(66, 'velit', '62300 Collier Course Apt. 515', '02425-5894', 'South Calechester', 68.8641, 0.535271),
(67, 'impedit', '3933 Monserrat Hill Apt. 915', '48361', 'Lake Alexandre', -108.352, -62.0329),
(68, 'illo', '4652 Hadley Haven Apt. 606', '47508-0537', 'East Kayliland', 73.8365, 54.5522),
(69, 'natus', '81356 Stoltenberg Lake Suite 580', '84238-1532', 'Wilkinsonland', -90.1294, -50.4939),
(70, 'eligendi', '492 Alvena Views', '40864', 'Trompmouth', -138.532, 38.7268),
(71, 'aut', '70342 Betty Freeway Apt. 935', '56091', 'Kurtisfurt', -174.907, -83.1211),
(72, 'odio', '12973 Golda Skyway Apt. 736', '21322', 'Juniorfort', -99.1128, 17.9693),
(73, 'laboriosam', '7929 West Fort', '39765', 'Port Manuel', -164.093, -43.3621),
(74, 'corrupti', '642 Constantin Island Apt. 314', '94350-8821', 'Port Estelbury', -11.6537, 30.0994),
(75, 'reiciendis', '324 Mariano Rapid Suite 822', '25883-2680', 'Lake Elmore', -44.7071, 7.93767),
(76, 'voluptas', '81854 Margarita Square Suite 993', '25209', 'Quigleyport', 75.0505, 37.0484),
(77, 'qui', '26419 Grimes Turnpike Suite 431', '23897', 'Lorenzahaven', -81.9319, 8.38558),
(78, 'laudantium', '6192 Rippin Canyon', '20853', 'Lillatown', -72.5193, -23.038),
(79, 'aliquam', '958 Hackett Land', '62958-1095', 'East Alexandro', -40.0822, -38.1012),
(80, 'exercitationem', '84739 Obie Springs', '59343', 'New Lulu', -19.2801, -85.7312),
(81, 'ipsam', '9126 Jody Inlet Apt. 774', '75221-3895', 'Luciennefurt', -33.2791, 67.6176),
(82, 'minima', '106 Collier Manor Suite 594', '95273-4072', 'Lake Danahaven', -60.8429, 26.875),
(83, 'enim', '543 Gregory Field', '55906-1055', 'Port Jasen', 159.276, 61.8256),
(84, 'possimus', '76959 Sterling Views', '30478-9617', 'Sengerhaven', -134.516, 48.714),
(85, 'quas', '399 Genevieve Extension', '97246', 'East Jacklyn', -82.385, 11.3914),
(86, 'est', '8862 Dale Flat', '25242', 'Lelahland', 174.674, 56.1516),
(87, 'repellat', '27175 Paolo Ridge', '25820', 'East Heathfurt', -141.005, -33.8585),
(88, 'omnis', '3714 Nienow Passage Apt. 914', '97476', 'Roobhaven', -159.675, -45.9712),
(89, 'necessitatibus', '7484 Waters Walks Apt. 129', '34101-6586', 'Janisside', 10.5584, 77.896),
(90, 'animi', '768 Adelia Heights', '94754-0838', 'Wizashire', 114.78, -43.0906),
(91, 'voluptas', '1653 Crist Street', '58668', 'Moenburgh', 58.4876, -16.2183),
(92, 'error', '9517 Joy Burgs', '06327-4963', 'Ociefurt', -145.759, 70.3946),
(93, 'earum', '9453 Block Rapid', '28670', 'Wisozktown', -110.16, -16.9226),
(94, 'quidem', '2115 Harmony Summit Apt. 092', '40026-6213', 'Kilbackchester', 111.717, -54.8169),
(95, 'non', '83594 Boyer Parks', '73939', 'Rohanmouth', -151.37, 3.37834),
(96, 'eos', '95027 Ziemann Freeway', '11820-7754', 'Thadbury', 63.2415, 61.243),
(97, 'assumenda', '80009 Vesta Station Suite 891', '04308-4669', 'Talonfort', 18.486, -86.3661),
(98, 'nobis', '2205 Adelle Islands', '24652', 'New Melodyburgh', 168.61, -89.825),
(99, 'impedit', '257 Pacocha Oval', '50754-5547', 'Valentinburgh', 92.869, -33.9331),
(100, 'recusandae', '51055 Laurie Stream', '77045', 'Port Arnoldo', 73.6545, -53.7537),
(101, 'eveniet', '925 Green Burg', '99971-2921', 'Millsshire', -101.155, -60.6711),
(102, 'beatae', '20782 McKenzie Via', '20673-7164', 'Uptonview', 141.355, -32.4759),
(103, 'aut', '25069 Lubowitz Harbor', '18474', 'Port Margaritafurt', 28.8379, 49.5888),
(104, 'eveniet', '7858 Schultz Station Apt. 203', '66682-6504', 'West Daphnee', -61.5874, -2.88547),
(105, 'eius', '82930 Favian Squares Suite 077', '42604-5249', 'North Macyburgh', -51.045, 81.7224),
(106, 'ut', '38030 Evert Hill', '51106-9982', 'Port Janessa', 158.167, 21.3085),
(107, 'earum', '3951 Isadore Square', '78917-0305', 'New Briellemouth', 3.2719, -82.2702),
(108, 'laboriosam', '4079 Edgardo Villages', '19992-9313', 'Osinskiview', 72.6276, 31.7422),
(109, 'sed', '940 Howe Keys', '10737-6272', 'New Zakaryside', 10.3463, 40.2481),
(110, 'sunt', '71369 Marion Club Suite 655', '85504-5106', 'Seamuschester', 7.53492, -25.4361),
(111, 'ipsam', '390 Orval Cliffs', '46530', 'Joyhaven', 104.474, -51.3392),
(112, 'perspiciatis', '5035 Schulist Neck Apt. 060', '08568', 'North Jasmin', 27.2227, 58.9091),
(113, 'sunt', '46489 Kuhic Divide Suite 485', '51523-5018', 'Greenholtshire', -146.798, -70.1814),
(114, 'aut', '6127 Grimes Well Suite 575', '05630', 'Goodwinport', -29.9776, 50.4325),
(115, 'laudantium', '8155 Dave Estate Suite 914', '54813', 'Grantshire', -162.06, -82.2137),
(116, 'ab', '41806 Karine Underpass Suite 220', '93472-2096', 'Johnstonstad', -157.208, -79.6019),
(117, 'aut', '10922 Macejkovic Lock Apt. 363', '79219', 'Dachmouth', -134.374, 17.7571),
(118, 'non', '5830 Mertz Street', '03862-8079', 'Casperhaven', -67.9902, 84.3671),
(119, 'deserunt', '2548 Torphy Flat Apt. 465', '47750-4816', 'West Darius', -57.5008, -31.3464),
(120, 'modi', '9127 Hill Prairie', '77541-3712', 'Forresthaven', 107.029, 87.5075),
(121, 'eius', '308 Marjorie Drives', '79749-6829', 'New Kianastad', 140.033, 81.0479),
(122, 'et', '871 Burdette Shores', '79816-1095', 'North Dixieborough', -56.4798, -54.977),
(123, 'sunt', '76294 Pacocha Flats Suite 253', '51678-5917', 'South Garth', -70.489, -82.5479),
(124, 'aut', '583 Triston Stravenue Suite 348', '42478', 'Dickensland', 102.494, 55.1759),
(125, 'ut', '89247 Grace Gardens Apt. 426', '65399', 'East Clarkbury', 35.8832, -88.021),
(126, 'at', '74534 Aimee Flats Suite 776', '69640-5882', 'Port Jerelhaven', 58.6095, -80.7809),
(127, 'corporis', '915 Jacobson Mountain', '77288-7074', 'Lorishire', 132.151, 44.3595),
(128, 'aspernatur', '56824 Dorothy Plain', '05634-3468', 'Port Yeseniahaven', 15.3972, -18.0345),
(129, 'magni', '4482 Johns Cliffs Apt. 881', '07941-8809', 'West Tomashaven', 161.665, 80.482),
(130, 'perspiciatis', '8992 Kunze Land', '74575-2763', 'Bertramfort', 80.7207, -41.6651),
(131, 'et', '4658 Rogahn Lodge', '07681-5342', 'Jaydamouth', 61.3599, 47.0493),
(132, 'error', '96745 White Plaza', '36121-0507', 'Kademouth', -55.1963, -35.1253),
(133, 'assumenda', '857 O\'Conner Square', '77136', 'Port Fritz', 55.9841, -80.2885),
(134, 'amet', '2916 Bertha Trail', '68644', 'West Carolefort', 111.518, -44.7154),
(135, 'sint', '858 Satterfield Plaza', '88091', 'Jessycaborough', -54.0352, -83.554),
(136, 'accusantium', '7249 Gibson Ford Suite 745', '16721-2722', 'Lake Augustusside', -166.407, -62.7092),
(137, 'fugit', '4965 Madisyn Park Apt. 873', '91676-2575', 'West Jermeyhaven', -72.4118, 66.3431),
(138, 'a', '990 Turner Mills Apt. 828', '15061-1805', 'West Tyra', -109.327, 30.3197),
(139, 'iusto', '340 McCullough Station Suite 627', '81984', 'Strosinland', -162.329, -18.1342),
(140, 'optio', '5267 Samara Court', '68455-3283', 'Baileyburgh', -132.124, -52.0239),
(141, 'voluptatum', '3273 Magdalen Key', '01526', 'South Susanna', -14.0395, 75.7473),
(142, 'dolor', '183 Medhurst Mount', '84959', 'Juddfurt', 97.4795, -8.61055),
(143, 'voluptas', '682 Kari Creek', '20370-0399', 'Port Dixiemouth', 57.6118, -23.9825),
(144, 'dignissimos', '401 Beatty Plaza Suite 361', '78498', 'New Jenastad', 70.1582, 44.5731),
(145, 'et', '57605 Kuvalis Stravenue', '45922', 'Ileneshire', -172.194, 61.7398),
(146, 'saepe', '534 Cleora Junctions Suite 402', '47184', 'Mikelbury', -138.856, -32.4488),
(147, 'quos', '75787 Kendall Spur', '38966', 'Rhiannonview', 131.185, 77.6621),
(148, 'quo', '5974 Telly Corners Apt. 178', '29298', 'New Celia', -160.183, 54.6049),
(149, 'repudiandae', '58242 Harris Square', '36837-0642', 'South Pricefurt', -24.4914, 13.2403),
(150, 'et', '9769 Stephany Fords Suite 128', '12672-9372', 'New Abdullahland', -119.938, 78.4517),
(151, 'ratione', '6927 Desiree Crescent', '02321-4805', 'North Colton', 62.5401, -26.2882),
(152, 'ut', '6884 Strosin Mission Suite 204', '99240', 'Lake Myrtice', 79.4658, -88.8942),
(153, 'eius', '71953 Maggio Expressway', '10351-0081', 'Odiefurt', -43.1743, -45.5415),
(154, 'molestiae', '8668 Abbott Summit Apt. 457', '75933', 'Reeseton', -82.3089, -77.5846),
(155, 'harum', '8126 Sporer Estate', '55549', 'Lake Miles', -112.675, -10.4046),
(156, 'nisi', '348 Kariane Plaza', '54912-8955', 'West Destinee', -9.23076, 43.573),
(157, 'iure', '2438 Nat Road Suite 772', '36156-9232', 'Lake Johnnie', 45.2027, 83.0203),
(158, 'voluptatem', '9030 Treutel Passage', '68219-5789', 'South Maximilianland', 115.176, -45.5931),
(159, 'omnis', '6597 Larson Walks Suite 208', '45270', 'South Josh', -134.451, 69.0449),
(160, 'itaque', '463 Smith Loaf', '82419-2084', 'Kovacekmouth', 16.3075, -57.5111),
(161, 'natus', '13154 Flatley Landing', '79413', 'Port Josefina', -44.1971, -10.9047),
(162, 'aspernatur', '96925 Lemke Ways Suite 981', '49895-5345', 'South Rustymouth', -129.921, -47.5383),
(163, 'distinctio', '909 Emmet Walk', '08359-6580', 'Lake Audreanne', -169.829, -17.7225),
(164, 'nihil', '566 Grady Locks', '85227', 'South Cornellchester', 13.3376, -82.823),
(165, 'eveniet', '63964 Giovanny Parks Suite 372', '69173-2823', 'Ernserchester', 47.39, 14.6071),
(166, 'aliquam', '27488 Beier Throughway Apt. 675', '54140', 'Lake Wallacebury', 111.322, 52.5989),
(167, 'quibusdam', '7150 Pearlie Prairie', '82162-9474', 'Pfannerstillberg', -81.5177, 59.5672),
(168, 'quia', '88840 Predovic Forest Apt. 533', '97836-6343', 'Watersburgh', 169.025, 60.0999),
(169, 'incidunt', '93014 Malachi Ports', '36978-1717', 'Port Jeramieborough', -104.024, -52.8786),
(170, 'iste', '5522 Brakus Trace Apt. 268', '80890-2586', 'Lake Noemie', 9.63932, -75.2133),
(171, 'eum', '31238 Kyra Field Apt. 812', '84072', 'Lake Grantborough', 92.3322, -25.7892),
(172, 'ut', '17306 Alexandra Club Apt. 490', '91747-1081', 'Port Elissa', 45.7998, 88.504),
(173, 'quo', '16981 Guadalupe Station', '61590', 'West Marciastad', -122.99, 50.32),
(174, 'ab', '108 Shany Key', '35618-7292', 'Creminview', -106.447, -26.8766),
(175, 'et', '40377 Arvilla Falls', '41984-9853', 'South Davin', 18.2285, -69.3114),
(176, 'unde', '97745 Kihn Keys', '77238', 'Port Lizzie', 127.342, -15.6393),
(177, 'ea', '9345 Rodriguez Loaf Apt. 009', '16469-7587', 'New Kailyn', -80.9757, -67.836),
(178, 'dolorum', '24855 Vivienne Mountain', '42591', 'Lake Branson', 35.2565, 34.1231),
(179, 'in', '322 Graham Plaza Suite 621', '80526', 'East Angelina', 26.5688, -77.8614),
(180, 'est', '50955 Baumbach Fields', '20649-1880', 'Dangeloburgh', 85.2739, 32.6136),
(181, 'occaecati', '842 Murray Shore Apt. 160', '66192-9308', 'Kamilleland', -3.60423, 36.7957),
(182, 'ipsam', '454 Eichmann Station Suite 852', '26768', 'Wilfordstad', 97.188, 25.3848),
(183, 'est', '165 Pagac Extensions', '10331', 'Mertzchester', 143.713, -43.1131),
(184, 'consequuntur', '5648 Torey Flats', '69760', 'Julioshire', 110.654, 24.6908),
(185, 'et', '651 Albert Islands', '62428-9726', 'Lynnville', -128.06, 41.4198),
(186, 'veniam', '324 Mohr Stravenue', '77124-3223', 'Ricktown', 111.241, -81.3773),
(187, 'vitae', '6672 Vernice Falls Apt. 966', '84211-9797', 'Jackiemouth', -55.2187, 16.0516),
(188, 'excepturi', '68169 Schumm Turnpike', '82211-0034', 'East Rebeca', -32.4797, 21.957),
(189, 'sit', '823 Norris Highway', '24448-3029', 'Port Erikamouth', 93.873, -61.2957),
(190, 'eum', '6844 Rippin Track Apt. 098', '26851-5308', 'Gleasonport', 166.667, -53.5201),
(191, 'officiis', '21360 Pacocha Port Apt. 663', '37123-9460', 'Lake Lornamouth', 167.829, -59.4833),
(192, 'sapiente', '778 Horacio Throughway Apt. 921', '58822', 'Kilbackton', 90.2769, 86.5115),
(193, 'ut', '609 Burley Burg', '15973', 'Kiehnmouth', 71.561, 57.4066),
(194, 'sit', '90094 Clair View Suite 866', '49982', 'New Cathrinemouth', -139.165, -60.9901),
(195, 'eius', '452 Adams Streets Apt. 273', '61187', 'West Andreanne', 28.6042, 59.3808),
(196, 'sint', '2755 Krajcik Walks Apt. 786', '22087', 'Port Rodolfoville', -70.3903, -0.914643),
(197, 'inventore', '35684 Bailey Roads Suite 304', '56810', 'New Vince', 65.5119, -44.9991),
(198, 'culpa', '3632 Wyman Turnpike Suite 271', '30677', 'Alexanneville', -175.331, 35.5436),
(199, 'qui', '40655 Janis Club', '40975', 'West Kellenside', 17.3471, 31.0578),
(200, 'voluptate', '779 Konopelski Summit Suite 516', '34974', 'Toyfurt', -52.5896, -15.4496);

-- --------------------------------------------------------

--
-- Structure de la table `tournee`
--

CREATE TABLE `tournee` (
  `id_tournee` bigint(20) NOT NULL,
  `date_tournee` date DEFAULT NULL,
  `fk_camion` bigint(20) DEFAULT NULL,
  `fk_chauffeur` bigint(20) DEFAULT NULL
) ENGINE=InnoDB DEFAULT CHARSET=latin1 COLLATE=latin1_swedish_ci;

--
-- Index pour les tables déchargées
--

--
-- Index pour la table `camion`
--
ALTER TABLE `camion`
  ADD PRIMARY KEY (`id_camion`);

--
-- Index pour la table `chauffeur`
--
ALTER TABLE `chauffeur`
  ADD PRIMARY KEY (`id_chauffeur`);

--
-- Index pour la table `client`
--
ALTER TABLE `client`
  ADD PRIMARY KEY (`id_client`);

--
-- Index pour la table `etape`
--
ALTER TABLE `etape`
  ADD PRIMARY KEY (`id_etape`),
  ADD KEY `FK_etape_id_gite_quitter` (`fk_gite_quitter`),
  ADD KEY `FK_etape_id_gite_rejoindre` (`fk_gite_rejoindre`),
  ADD KEY `FK_etape_id_tournee` (`fk_tournee`),
  ADD KEY `FK_etape_id_client` (`fk_client`);

--
-- Index pour la table `gite`
--
ALTER TABLE `gite`
  ADD PRIMARY KEY (`id_gite`);

--
-- Index pour la table `tournee`
--
ALTER TABLE `tournee`
  ADD PRIMARY KEY (`id_tournee`),
  ADD KEY `FK_tournee_camion_id_camion` (`fk_camion`),
  ADD KEY `FK_tournee_chauffeur_id_chauffeur` (`fk_chauffeur`);

--
-- AUTO_INCREMENT pour les tables déchargées
--

--
-- AUTO_INCREMENT pour la table `camion`
--
ALTER TABLE `camion`
  MODIFY `id_camion` bigint(20) NOT NULL AUTO_INCREMENT, AUTO_INCREMENT=21;

--
-- AUTO_INCREMENT pour la table `chauffeur`
--
ALTER TABLE `chauffeur`
  MODIFY `id_chauffeur` bigint(20) NOT NULL AUTO_INCREMENT, AUTO_INCREMENT=21;

--
-- AUTO_INCREMENT pour la table `client`
--
ALTER TABLE `client`
  MODIFY `id_client` bigint(20) NOT NULL AUTO_INCREMENT, AUTO_INCREMENT=54;

--
-- AUTO_INCREMENT pour la table `etape`
--
ALTER TABLE `etape`
  MODIFY `id_etape` bigint(20) NOT NULL AUTO_INCREMENT, AUTO_INCREMENT=2638;

--
-- AUTO_INCREMENT pour la table `gite`
--
ALTER TABLE `gite`
  MODIFY `id_gite` bigint(20) NOT NULL AUTO_INCREMENT, AUTO_INCREMENT=201;

--
-- AUTO_INCREMENT pour la table `tournee`
--
ALTER TABLE `tournee`
  MODIFY `id_tournee` bigint(20) NOT NULL AUTO_INCREMENT;

--
-- Contraintes pour les tables déchargées
--

--
-- Contraintes pour la table `etape`
--
ALTER TABLE `etape`
  ADD CONSTRAINT `FK_etape_id_client` FOREIGN KEY (`fk_client`) REFERENCES `client` (`id_client`),
  ADD CONSTRAINT `FK_etape_id_gite_quitter` FOREIGN KEY (`fk_gite_quitter`) REFERENCES `gite` (`id_gite`),
  ADD CONSTRAINT `FK_etape_id_gite_rejoindre` FOREIGN KEY (`fk_gite_rejoindre`) REFERENCES `gite` (`id_gite`),
  ADD CONSTRAINT `FK_etape_id_tournee` FOREIGN KEY (`fk_tournee`) REFERENCES `tournee` (`id_tournee`);

--
-- Contraintes pour la table `tournee`
--
ALTER TABLE `tournee`
  ADD CONSTRAINT `FK_tournee_camion_id_camion` FOREIGN KEY (`fk_camion`) REFERENCES `camion` (`id_camion`),
  ADD CONSTRAINT `FK_tournee_chauffeur_id_chauffeur` FOREIGN KEY (`fk_chauffeur`) REFERENCES `chauffeur` (`id_chauffeur`);
COMMIT;

/*!40101 SET CHARACTER_SET_CLIENT=@OLD_CHARACTER_SET_CLIENT */;
/*!40101 SET CHARACTER_SET_RESULTS=@OLD_CHARACTER_SET_RESULTS */;
/*!40101 SET COLLATION_CONNECTION=@OLD_COLLATION_CONNECTION */;
